Bahia | Todos os Munic&iacute;pios
Munic&iacute;pio [-],C&oacute;digo [-],Gent&iacute;lico [-],Prefeito [2021],&Aacute;rea Territorial - km&sup2; [2020],Popula&ccedil;&atilde;o estimada - pessoas [2020],Densidade demogr&aacute;fica - hab/km&sup2; [2010],Escolariza&ccedil;&atilde;o &lt;span&gt;6 a 14 anos&lt;/span&gt; - % [2010],IDHM &lt;span&gt;&Iacute;ndice de desenvolvimento humano municipal&lt;/span&gt; [2010],Mortalidade infantil - &oacute;bitos por mil nascidos vivos [2017],Receitas realizadas - R$ (&times;1000) [2017],Despesas empenhadas - R$ (&times;1000) [2017],PIB per capita - R$ [2018],
Aba&iacute;ra,2900108,abairense,EDVAL LUZ SILVA,538.677,8710,15.68,97.2,0.603,15.63,19330.58368,18286.42314,6794.21,
Abar&eacute;,2900207,abareense,FERNANDO JOSE TEIXEIRA TOLENTINO,1604.923,20347,11.49,96.5,0.575,18.94,42471.16812,42835.65272,6957.04,
Acajutiba,2900306,acajutibense,ALEXSANDRO MENEZES DE FREITAS,181.475,15187,81.34,98,0.582,21.28,32322.40145,31257.68537,8850.48,
Adustina,2900355,adustinense,PAULO SERGIO OLIVEIRA DOS SANTOS,629.099,17126,24.84,98.1,0.546,5.71,33518.91406,29163.99544,6686.58,
&Aacute;gua Fria,2900405,&aacute;gua-friense,RENAN ARAUJO BARROS,742.775,17033,23.77,97,0.550,47.06,40463.75677,39741.1561,6524.47,
&Eacute;rico Cardoso,2900504,&eacute;rico-cardosense,ERALDO F&Eacute;LIX DA SILVA,735.249,10560,15.48,98.8,0.584,37.04,25842.85175,24637.11888,5933.22,
Aiquara,2900603,aiquarense,DELMAR RIBEIRO,167.877,4416,28.82,98.4,0.583,14.71,15908.16508,13995.20875,9180.58,
Alagoinhas,2900702,alagoinhense,JOAQUIM BELARMINO CARDOSO NETO,707.835,152327,188.67,97.4,0.683,14.64,357419.91897,319462.74958,26272.95,
Alcoba&ccedil;a,2900801,alcobacense,GIVALDO MUNIZ,1477.929,22490,14.36,96.5,0.608,23.89,50627.98373,53604.60982,11365.43,
Almadina,2900900,almadinense,MILTON SILVA CERQUEIRA,245.236,5366,25.32,95.3,0.563,26.32,17495.20557,14754.30679,9017.12,
Amargosa,2901007,amargosense,J&Uacute;LIO PINHEIRO DOS SANTOS J&Uacute;NIOR,431.655,37441,74.16,96.8,0.625,8.66,63402.10611,57123.31855,10143.31,
Am&eacute;lia Rodrigues,2901106,ameliense,PAULO CESAR BAHIA FALC&Atilde;O,166.872,25048,145.20,99.2,0.666,31.53,64865.97567,50406.69731,12394.40,
Am&eacute;rica Dourada,2901155,am&eacute;rico-douradense,JOELSON CARDOSO DO ROS&Aacute;RIO,822.373,16090,19.05,96.6,0.561,12.88,38585.45557,35184.13685,7163.75,
Anag&eacute;,2901205,anageense,ROGERIO BONFIM SOARES,1899.683,21607,13.10,96,0.540,14.08,47758.835,44111.71088,9341.52,
Andara&iacute;,2901304,andaraiense,WILSON PAES CARDOSO,1590.316,13132,7.50,97.8,0.555,6.90,37286.40876,35402.28578,7909.70,
Andorinha,2901353,andorinhense,RENATO BRAND&Atilde;O DE OLIVEIRA,1362.386,14503,11.55,98,0.588,10.42,41097.00995,41307.78564,13040.84,
Angical,2901403,angicalense,EMERSON MARIANI DIAS,1530.050,13938,9.21,96.9,0.625,11.63,35075.99781,32587.16641,9607.87,
Anguera,2901502,anguerense,MAURO SELMO OLIVEIRA VIEIRA,187.840,11297,57.85,98.2,0.589,25.00,24305.57887,21757.55072,6672.76,
Antas,2901601,antense,MANOEL SIDONIO NASCIMENTO NILO,319.745,19479,53.08,94.3,0.592,14.29,33697.6196,31374.63216,6128.05,
Ant&ocirc;nio Cardoso,2901700,cardosense,MARIA DE LOURDES CARVALHO MOURA BASTOS,293.530,11677,39.24,95.8,0.561,14.60,26978.05908,29852.7557,9395.63,
Ant&ocirc;nio Gon&ccedil;alves,2901809,ant&ocirc;nio-gon&ccedil;alvense,DJALMA DE FREITAS CARDOSO NETO,345.284,11878,35.09,98.4,0.598,12.12,27262.32163,25236.58554,5916.84,
Apor&aacute;,2901908,aporense,CARINE DANTAS DE MENEZES NEGREIROS,479.262,17788,31.56,97.6,0.548,5.26,68717.29437,50045.7121,7112.08,
Apuarema,2901957,apuaremense,JORGE ROGERIO COSTA SOUZA,150.830,7302,48.17,95.9,0.552,11.90,19781.94216,20934.67448,9079.59,
Aracatu,2902005,aracatuense,BRAULINA LIMA SILVA,1489.803,13045,9.22,97.7,0.581,12.58,34674.69988,31359.75377,8289.50,
Ara&ccedil;&aacute;s,2902054,ara&ccedil;aense,AGAMENON OLIVEIRA COELHO,474.577,12208,23.73,98.1,0.570,13.16,42985.07489,39520.18435,17243.95,
Araci,2902104,araciense,MARIA BETIVANIA LIMA DA SILVA,1496.245,54648,33.19,97.4,0.534,17.33,104996.09194,102013.64078,7858.26,
Aramari,2902203,aramariense,FIDEL CARLOS SOUZA DANTAS,368.947,11461,30.44,96.3,0.588,8.40,23718.87023,21221.15801,8079.63,
Arataca,2902252,arataquense,FERNANDO MANSUR GONZAGA,435.962,10961,27.70,95.6,0.559,15.27,27011.70541,27502.1615,7368.20,
Aratu&iacute;pe,2902302,aratuipense,ANTONIO MARCOS ARAUJO DE SOUZA,174.012,8837,47.47,98.4,0.575,22.22,18702.70458,17462.23993,7495.88,
Aurelino Leal,2902401,aurelinense,RODRIGO CALAZANS DE ANDRADE,445.394,11299,29.70,95.5,0.568,14.49,31326.74233,31148.26058,9065.39,
Baian&oacute;polis,2902500,baianopolense,JANDIRA SOARES SILVA XAVIER,3320.723,13929,4.14,98.7,0.589,18.07,35529.72286,32558.04391,12394.24,
Baixa Grande,2902609,baixa-grandense,GILVAN RIOS DA SILVA,967.514,20449,21.19,97.2,0.585,17.94,42685.91617,42958.68826,7778.36,
Banza&ecirc;,2902658,banza&ecirc;ense,JAILMA DANTAS GAMA ALVES,409.507,13240,51.92,98.1,0.579,15.23,54997.45561,31721.00301,7308.28,
Barra,2902708,barrense,ARTUR SILVA FILHO,11428.112,53910,4.32,97,0.557,15.58,113205.9988,98837.37754,6869.12,
Barra da Estiva,2902807,barrestivense,JOAO MACHADO RIBEIRO,1657.413,20392,15.73,96.8,0.575,14.49,48777.53571,47589.84269,12265.58,
Barra do Cho&ccedil;a,2902906,barra-chocense,OBERDAM ROCHA DIAS,765.936,31209,44.42,96.9,0.551,9.24,76256.21637,74493.8422,12464.99,
Barra do Mendes,2903003,barra-mendense,ANTONIO BARRETO DE OLIVEIRA,1586.629,13833,9.08,97.5,0.630,4.88,32974.08398,32377.00988,6808.47,
Barra do Rocha,2903102,barra-rochense,JOS&Eacute; LUIZ FRANCO RAMOS COSTA,214.411,5612,30.30,95.7,0.577,15.38,18310.5046,15009.68036,10851.20,
Barreiras,2903201,barreirense,JO&Atilde;O BARBOSA DE SOUZA SOBRINHO,8051.274,156975,17.49,97.5,0.721,14.62,567804.33185,355393.72493,30842.20,
Barro Alto,2903235,barro-altino,ORLANDO AMORIM SANTOS,414.510,15054,32.68,98.4,0.607,22.86,31224.34375,30355.90133,6203.97,
Barrocas,2903276,barroquense,JOS&Eacute; JAILSON LIMA FERREIRA,207.297,16105,70.61,98.7,0.610,4.61,41045.17185,35140.96527,15110.20,
Barro Preto,2903300,barro-pretense,JURACI DIAS DE JESUS,201.585,5448,50.26,96.2,0.602,19.80,21268.91758,19406.89769,10838.37,
Belmonte,2903409,belmontense,CARLOS ALBERTO REZENDE GAMA,1939.447,23437,11.06,96.5,0.598,5.83,60821.87548,53345.16834,12442.31,
Belo Campo,2903508,belo-campense,JOS&Eacute; HENRIQUE SILVA TIGRE,772.756,17109,25.47,95.2,0.575,30.84,43220.3637,44273.03524,7538.82,
Biritinga,2903607,biritinguense,GILMARIO SOUZA DE OLIVEIRA,553.762,15984,26.97,98,0.538,10.81,53104.52128,41916.12533,7607.76,
Boa Nova,2903706,boa-novense,ADONIAS DA ROCHA PIRES DE ALMEIDA,849.538,12329,17.74,97.2,0.567,15.54,33495.90768,32413.9155,7159.43,
Boa Vista do Tupim,2903805,tupinense,HELDER LOPES CAMPOS,2972.109,18531,6.40,96.8,0.551,16.81,43572.43706,41674.3456,6535.89,
Bom Jesus da Lapa,2903904,lapense,FABIO NUNES DIAS,4115.510,69662,15.11,95.7,0.633,13.83,171160.45957,158579.88737,14722.75,
Bom Jesus da Serra,2903953,bom-jesuense,JORNANDO VILASBOAS ALVES,467.813,9823,23.99,98.3,0.546,7.87,25666.31249,23623.96399,5813.87,
Boninal,2904001,boninalense,CELESTE AUGUSTA ARAUJO PAIVA,896.857,14446,14.66,96.3,0.612,11.24,27482.58419,28380.33364,6762.67,
Bonito,2904050,bonitense,REINAN CEDRO DE OLIVEIRA,791.276,16884,20.42,97.6,0.561,15.27,47870.89941,43286.7039,9927.66,
Boquira,2904100,boquirense,LUCIANO DE OLIVEIRA E SILVA,1426.233,21497,14.86,98.8,0.603,19.69,59607.65723,44853.9898,6955.07,
Botupor&atilde;,2904209,botupor&atilde;ense,OTAVIANO JOAQUIM FILHO,627.612,10129,17.28,98.1,0.575,8.20,33136.33714,33891.04412,8804.57,
Brej&otilde;es,2904308,brejoense,ALESSANDRO RODRIGUES BRANDAO CORREIA,518.566,14222,29.70,97.9,0.597,11.70,34703.95435,34915.04467,8389.63,
Brejol&acirc;ndia,2904407,brejolandense,EDEZIO NUNES BASTOS,2247.208,10618,4.04,98.4,0.592,35.71,38404.39069,28605.60327,8091.60,
Brotas de Maca&uacute;bas,2904506,brotense,ANTONIO KLEBER RIBEIRO,2370.486,10130,4.78,97.6,0.570,29.41,30171.77925,27817.73915,7774.65,
Brumado,2904605,brumadense,EDUARDO LIMA VASCONCELOS,2207.612,67335,29.01,96.8,0.656,6.91,194916.32856,133344.09373,26374.82,
Buerarema,2904704,bueraremense,VIN&Iacute;CIUS IBRANN DANTAS ANDRADE OLIVEIRA,219.487,18306,80.73,91.5,0.613,21.83,33821.5011,32069.88119,10451.86,
Buritirama,2904753,buritiramense,ARIVAL MARQUES VIANA,4046.736,21276,4.97,97.3,0.565,15.67,47738.86475,44772.191,6088.01,
Caatiba,2904803,caatibense,MARIA TANIA RIBEIRO SOUSA,512.436,6488,22.14,89.9,0.561,13.89,22455.54979,18593.40615,9258.96,
Cabaceiras do Paragua&ccedil;u,2904852,cabaceirense,PEDRO ANDRE BRAZ SILVA SANTANA,222.026,18911,76.66,98.8,0.581,12.00,59279.91874,43755.99293,6327.48,
Cachoeira,2904902,cachoeirano,ELIANA GONZAGA DE JESUS,394.894,33567,81.03,97.8,0.647,22.73,70230.57303,52722.54062,13985.81,
Cacul&eacute;,2905008,caculense,PEDRO DIAS DA SILVA,610.983,23291,33.27,97.3,0.637,3.73,53523.40714,42783.34519,11872.73,
Ca&eacute;m,2905107,caenense,ARNALDO DE OLIVEIRA FILHO,540.908,9058,18.91,98.8,0.546,18.63,44123.49904,27512.84787,7887.38,
Caetanos,2905156,caetanense,PAULO ALVES DOS REIS,767.146,14608,17.61,96.9,0.542,26.55,29547.53608,27892.98121,5601.55,
Caetit&eacute;,2905206,caetiteense,VALT&Eacute;CIO NEVES AGUIAR,2651.536,51081,19.45,98.3,0.625,7.23,111926.17431,114364.57332,16855.69,
Cafarnaum,2905305,cafarnauense,SUELI FERNANDES DE SOUZA NOVAIS,643.660,18513,25.49,98.6,0.584,10.64,46295.10559,42338.8368,8771.14,
Cairu,2905404,cairuense,HILDECIO ANTONIO MEIRELES FILHO,448.846,18427,33.35,98.8,0.627,27.78,77292.00157,75784.56145,63029.19,
Caldeir&atilde;o Grande,2905503,caldeir&atilde;o-grandense,CANDIDO PEREIRA DA GUIRRA FILHO,458.311,13391,27.46,97.8,0.573,4.85,34617.84397,39499.54107,6868.07,
Camacan,2905602,camacaense,PAULO CESAR BOMFIM DE OLIVEIRA,584.848,32006,50.22,92.5,0.581,24.19,58680.99677,55583.55135,8835.59,
Cama&ccedil;ari,2905701,cama&ccedil;ariense,ANTONIO ELINALDO ARAUJO DA SILVA,785.421,304302,309.65,96.7,0.694,12.10,1197747.85765,979305.4047,81105.66,
Camamu,2905800,camamuense,ENOC SOUZA SILVA,839.702,35382,38.22,96,0.565,18.41,69968.37167,63440.8396,9820.61,
Campo Alegre de Lourdes,2905909,campo-alegrense,ENILSON MARCELO RODRIGUES DA SILVA,2914.587,28820,10.10,98.3,0.557,4.15,57159.88724,51715.72573,7539.84,
Campo Formoso,2906006,campo-formosense,ELMO ALUIZIO VIEIRA NASCIMENTO,7161.827,71487,9.18,98,0.586,12.94,160280.65992,143198.15691,15898.52,
Can&aacute;polis,2906105,canapolense,REGINALDO DE SOUZA PEREIRA,460.388,9703,21.52,96.9,0.565,6.67,23593.6802,22189.38861,6762.02,
Canarana,2906204,canaraense,EZENIVALDO ALVES DOURADO,579.726,26325,41.76,98.9,0.587,13.37,51966.57178,53125.75256,7457.06,
Canavieiras,2906303,canavieirense,CL&Oacute;VIS ROBERTO ALMEIDA DE SOUZA,1334.284,30906,24.37,94.9,0.590,20.70,60662.18608,54775.59273,9973.92,
Candeal,2906402,candealense,EVERTON PEREIRA CERQUEIRA,447.578,8181,19.98,98.2,0.587,9.09,19365.10353,17317.14694,6482.95,
Candeias,2906501,candeense,PIT&Aacute;GORAS ALVES DA SILVA IBIAPINA,251.808,87458,321.87,97.6,0.691,15.90,307031.38866,258731.91172,50279.23,
Candiba,2906600,candibense,REGINALDO MARTINS PRADO,433.642,14368,31.60,98.3,0.591,12.27,29804.88684,27959.04446,7829.79,
C&acirc;ndido Sales,2906709,c&acirc;ndido-salense,MAURILIO LEMOS DAS VIRGENS,1169.814,25053,17.26,96.2,0.601,23.46,58734.35743,55384.55261,8330.26,
Cansan&ccedil;&atilde;o,2906808,cansan&ccedil;&atilde;oense,VILMA ROSA DE OLIVEIRA GOMES,1351.891,34882,24.62,98.6,0.557,17.93,71242.73356,68139.27052,7476.84,
Canudos,2906824,canudense,JILSON CARDOSO DE MACEDO,3565.377,16753,4.89,98.6,0.562,25.86,40038.98209,40279.64027,7617.34,
Capela do Alto Alegre,2906857,capelense,CLAUDINEI XAVIER NOVATO,629.586,11616,17.75,98.6,0.599,10.42,26752.37754,24375.4719,7701.83,
Capim Grosso,2906873,capim-grossense,JOS&Eacute; SIVALDO RIOS DE CARVALHO,464.776,30862,79.47,96.2,0.621,11.70,64297.84337,61461.55994,14039.95,
Cara&iacute;bas,2906899,caraibense,JONES COELHO DIAS,805.629,8801,12.69,97.3,0.555,40.82,22942.28133,19369.47585,7465.03,
Caravelas,2906907,caravelense,S&Iacute;LVIO RAMALHO DA SILVA,2377.889,22093,8.95,95.4,0.616,11.54,54986.09975,56782.42652,15910.13,
Cardeal da Silva,2907004,cardinalense,ANTONIO AUGUSTO SALES DE JESUS,293.456,9346,34.64,98.1,0.552,15.50,28380.52541,24684.72573,11169.10,
Carinhanha,2907103,carinhanhense,FRANCISCA ALVES RIBEIRO,2525.906,29070,10.37,98.8,0.576,16.59,61936.43453,57003.7034,7402.52,
Casa Nova,2907202,casa-novense,WILKER OLIVEIRA TORRES,9647.072,72545,6.73,95.5,0.570,19.32,136950.34507,131324.85812,9672.30,
Castro Alves,2907301,castro-alvense,THIANCLE DA SILVA ARAUJO,713.789,26318,35.70,95.9,0.613,19.77,54272.93744,51417.19685,10522.43,
Catol&acirc;ndia,2907400,catolandiano,GIOVANNI MOREIRA DOS SANTOS,702.504,3599,4.06,98.4,0.582,16.95,15604.83962,14348.63774,23988.63,
Catu,2907509,catuense,NARLISON BORGES DE SALES,426.955,54970,122.72,97.3,0.677,14.21,115313.52484,107811.49532,10971.95,
Caturama,2907558,caturamense,PAULO HUMBERTO NEVES MENDON&Ccedil;A,716.261,9316,13.31,98.7,0.571,12.66,20974.37395,20615.04108,6359.39,
Central,2907608,centralense,RENATO PEREIRA DE SANTANA,566.974,17280,28.24,98.9,0.596,4.17,37941.24425,36237.46756,9059.39,
Chorroch&oacute;,2907707,chorrochoense,HUMBERTO GOMES RAMOS,3005.319,11200,3.57,96.6,0.600,27.62,30272.9238,26996.51625,6866.08,
C&iacute;cero Dantas,2907806,c&iacute;cero-dantense,RICARDO ALMEIDA NUNES DA SILVA,819.969,32576,36.50,98,0.585,19.55,58419.1125,56030.79208,8087.65,
Cip&oacute;,2907905,cipoense,JOSE MARQUES DOS REIS,168.330,17352,122.78,97.6,0.601,23.57,38100.09597,35647.35569,7651.42,
Coaraci,2908002,coaraciense,JADSON ALBANO GALV&Atilde;O,274.500,16549,74.17,95.1,0.613,26.32,41578.92198,41550.2019,8691.23,
Cocos,2908101,coquense,MARCELO DE SOUZA EMERENCIANO,10140.572,18807,1.77,97,0.596,14.60,64480.22598,52555.20411,16958.23,
Concei&ccedil;&atilde;o da Feira,2908200,concei&ccedil;oense,JO&Atilde;O PEDRO LABRIOLA CARDOZO,164.798,22762,125.19,98.8,0.634,22.42,41522.93877,43835.85071,12009.80,
Concei&ccedil;&atilde;o do Almeida,2908309,almeidense,ADAILTON CAMPOS SOBRAL,284.836,17165,61.70,95.6,0.606,13.07,33636.51858,31631.71848,9215.26,
Concei&ccedil;&atilde;o do Coit&eacute;,2908408,coiteense,MARCELO PASSOS DE ARAUJO,1015.252,67013,61.06,97.9,0.611,11.17,98868.18761,90040.48457,11055.14,
Concei&ccedil;&atilde;o do Jacu&iacute;pe,2908507,conjacuipense,T&Acirc;NIA MARLI RIBEIRO YOSHIDA,114.869,33398,256.30,98.4,0.663,5.51,74311.01756,68906.96864,68300.94,
Conde,2908606,condense,ANTONIO EDUARDO LINS DE CASTRO,931.106,26035,24.49,96.8,0.560,19.34,58788.3479,63818.03498,10604.67,
Conde&uacute;ba,2908705,condeubense,SILVAN BALEEIRO DE SOUSA,1348.039,17178,13.14,98.1,0.582,11.17,43255.77244,37540.92114,8596.77,
Contendas do Sincor&aacute;,2908804,contendense,MARGARETH PINA SOUZA,977.455,4045,4.46,99,0.577,29.41,17325.38063,15835.87492,9024.30,
Cora&ccedil;&atilde;o de Maria,2908903,mariense,KLEY CARNEIRO LIMA,378.420,22495,64.34,98.8,0.592,3.73,53276.952,50151.73365,7586.96,
Cordeiros,2909000,cordeirense,DELCI ALVES LUZ,523.640,8642,15.25,98,0.579,12.50,20717.16768,18587.68923,6457.72,
Coribe,2909109,coribense,MURILLO FERREIRA VIANA,2662.819,14149,5.77,97.7,0.600,5.95,49512.77229,38010.52519,8835.24,
Coronel Jo&atilde;o S&aacute;,2909208,jo&atilde;o-saense,CARLOS AUGUSTO SILVEIRA SOBRAL,797.434,15717,19.32,96,0.535,5.21,39769.26259,42292.97257,8311.11,
Correntina,2909307,correntinense,NILSON JOS&Eacute; RODRIGUES,11504.314,32191,2.62,97.6,0.603,18.96,123134.32887,117411.11252,60601.65,
Cotegipe,2909406,cotegipano,M&Aacute;RCIA DA SILVA S&Aacute; TELES,4282.775,13769,3.25,94.5,0.590,19.35,37615.44394,35614.13273,9186.91,
Cravol&acirc;ndia,2909505,cravolandense,IVETE SOARES TEIXEIRA ARAUJO,182.585,5351,31.08,97.6,0.599,26.32,17626.0686,17371.63342,6994.99,
Cris&oacute;polis,2909604,crisopolense,LEANDRO DANTAS DE JESUS COSTA,636.609,21163,32.99,96.1,0.543,30.19,46794.77273,45895.77502,7257.53,
Crist&oacute;polis,2909703,cristopolense,GILSON NASCIMENTO DE SOUZA,1052.837,13947,12.73,98.3,0.614,29.41,34269.36051,30426.33837,8040.63,
Cruz das Almas,2909802,cruz-almense,EDNALDO JOS&Eacute; RIBEIRO,139.117,63591,402.12,97.2,0.699,10.68,109107.28385,103853.04028,15661.85,
Cura&ccedil;&aacute;,2909901,cura&ccedil;aense,PEDRO ALVES DE OLIVEIRA,5950.614,34886,5.29,97.4,0.581,10.58,71569.40996,71326.79212,9240.01,
D&aacute;rio Meira,2910008,d&aacute;rio-meirense,WILLIAM ALMEIDA SENA,413.637,10525,28.82,93,0.540,5.92,25390.47667,25681.44858,8302.03,
Dias d'&Aacute;vila,2910057,diasdavilense,ALBERTO PEREIRA CASTRO,183.759,82432,360.64,98,0.676,14.42,194450.4561,181456.66677,36526.22,
Dom Bas&iacute;lio,2910107,dom-basiliense,ROBERVAL DE CASSIA MEIRA,689.516,12240,16.78,96.1,0.591,18.07,32078.90841,28380.47062,9129.47,
Dom Macedo Costa,2910206,macedense,EGNALDO PITON MOURA,94.778,4065,45.70,99.3,0.632,17.24,14266.11794,12342.23059,7931.51,
El&iacute;sio Medrado,2910305,medradense,LINSMAR MOURA BITTENCOURT SANTOS,179.329,8126,41.06,99.6,0.623,12.66,19453.56083,18127.99002,7109.80,
Encruzilhada,2910404,encruzilhadense,WEKISLEY TEIXEIRA SILVA,1890.133,16446,11.99,95,0.544,19.84,49443.20222,50267.06294,10359.26,
Entre Rios,2910503,entrerriense,MANOELITO ARGOLO DOS SANTOS JUNIOR,1187.766,41901,32.81,95.6,0.615,14.55,93732.36422,89847.00737,13407.68,
Esplanada,2910602,esplanadense,JOSE NAUDINHO ALVES DOS SANTOS,1299.355,37578,25.27,97.7,0.589,14.58,94071.96907,87463.05107,17024.93,
Euclides da Cunha,2910701,euclidense,LUCIANO PINHEIRO DAMASCENO E SANTOS,2025.368,60858,27.75,97.8,0.567,25.45,118713.28069,132809.62576,9236.04,
Eun&aacute;polis,2910727,eunapolitano,CORDELIA TORRES DE ALMEIDA,1425.970,114396,84.97,96.2,0.677,16.49,256565.06135,251311.03942,25735.13,
F&aacute;tima,2910750,fatimense,F&Aacute;BIO JOS&Eacute; REIS DE ARAUJO,364.419,17845,49.12,98.4,0.559,26.18,39762.16279,42834.29449,9681.70,
Feira da Mata,2910776,matense,VALMIR MACEDO RODRIGUES,1176.111,5661,3.78,97.5,0.588,58.82,18098.70361,16991.26009,8022.35,
Feira de Santana,2910800,feirense,COLBERT MARTINS DA SILVA FILHO,1304.425,619609,416.03,97.4,0.712,14.67,1167088.57404,1099658.829,24074.06,
Filad&eacute;lfia,2910859,filadelfense,LOURIVALDO PEREIRA MAIA,579.686,16345,29.36,98.4,0.565,15.56,45822.38706,40895.60319,7291.65,
Firmino Alves,2910909,firmino-alvense,AURELINO MORENO DA CUNHA NETO,172.353,5629,33.15,95,0.578,22.73,16165.13007,15348.08844,8586.85,
Floresta Azul,2911006,floresta-azulense,GIC&Eacute;LIA DE SANTANA OLIVEIRA SANTOS,321.013,10575,36.32,92.8,0.557,9.26,34148.89954,22096.61202,7384.34,
Formosa do Rio Preto,2911105,formosense,MANOEL AFONSO DE ARA&Uacute;JO,15634.328,25857,1.38,97.3,0.618,15.19,115659.78173,101995.33172,106481.34,
Gandu,2911204,ganduense,LEONARDO BARBOSA CARDOSO,229.631,32596,124.76,96.8,0.632,10.99,59938.8177,54632.06531,11199.11,
Gavi&atilde;o,2911253,gavionense,LAURINDO NAZ&Aacute;RIO DA SILVA,384.592,4440,12.33,98.8,0.599,20.00,14795.12779,15463.29695,8654.90,
Gentio do Ouro,2911303,gentiense,ROBERIO GOMES CUNHA,3817.946,11259,2.87,97.9,0.559,16.39,34194.09094,25798.3518,13219.03,
Gl&oacute;ria,2911402,gloriense,DAVID DE SOUZA CAVALCANTI,1566.609,15234,12.01,97.4,0.593,24.59,34737.20621,35676.60576,11236.96,
Gongogi,2911501,gongogiense,ADRIANO MENDON&Ccedil;A PINHEIRO,202.194,6985,42.28,96.8,0.576,29.41,18787.00558,19274.86127,8058.70,
Governador Mangabeira,2911600,mangabeirense,MARCELO PEDREIRA DE MENDON&Ccedil;A,106.848,20762,186.40,95.6,0.643,16.60,45767.30579,43219.59835,8678.35,
Guajeru,2911659,guajeruense,JILVAN TEIXEIRA RIBEIRO,872.867,6646,11.12,97.1,0.569,23.26,19733.02424,17525.50498,7252.03,
Guanambi,2911709,guanambiense,NILO AUGUSTO MORAES COELHO,1272.366,84928,60.80,97.8,0.673,8.41,170867.30845,160908.31093,15961.44,
Guaratinga,2911808,guaratinguense,MARLENE DANTAS MARTINS,2189.404,20700,9.53,94.6,0.558,22.39,47789.08115,45373.20672,9374.74,
Heli&oacute;polis,2911857,heliopoliense,JOS&Eacute; MENDON&Ccedil;A DANTAS,313.438,12987,38.94,98.3,0.563,7.35,30558.02194,27852.82181,7337.22,
Ia&ccedil;u,2911907,ia&ccedil;uense,NIXON DUARTE MUNIZ FERREIRA,2342.497,24121,10.50,97.8,0.574,11.99,60037.04414,57378.95783,8247.06,
Ibiassuc&ecirc;,2912004,ibiassuceense,FRANCISCO ADAUTO REBOU&Ccedil;AS PRATES,483.274,9031,23.58,98.5,0.611,19.42,23959.66394,23285.90288,8707.34,
Ibicara&iacute;,2912103,ibicaraiense,MONALISA GONCALVES TAVARES,230.953,21378,104.65,98,0.625,14.13,56556.62455,51103.55029,8295.70,
Ibicoara,2912202,ibicoarense,GILMADSON CRUZ DE MELO,817.355,19786,20.34,96.3,0.591,17.34,58287.55188,48215.55547,15724.83,
Ibicu&iacute;,2912301,ibicuiense,MARCOS GALV&Atilde;O DE ASSIS,1139.378,16230,13.41,98.2,0.584,13.16,33375.07491,31866.20938,9030.79,
Ibipeba,2912400,ibipebense,DEMOSTENES DE SOUSA BARRETO FILHO,1382.008,18319,12.29,97.6,0.616,31.09,37451.4382,36727.8033,7404.56,
Ibipitanga,2912509,ibipitanguense,HUMBERTO RAIMUNDO RODRIGUES DE OLIVEIRA,954.373,14947,14.85,96.9,0.584,13.61,33266.76276,34373.27573,6786.76,
Ibiquera,2912608,ibiquerense,IVAN CLAUDIO DE ALMEIDA,698.245,4046,5.15,96.2,0.511,22.22,14115.84189,13456.44348,6851.18,
Ibirapitanga,2912707,ibirapitanguense,JUNILSON BATISTA GOMES,472.694,23404,50.53,95.9,0.558,13.81,58668.30209,52766.46156,8427.53,
Ibirapu&atilde;,2912806,ibirapuense,CALIXTO ANT&Ocirc;NIO RIBEIRO,771.098,8690,10.10,99.2,0.614,16.26,30165.39369,27721.94019,32641.24,
Ibirataia,2912905,ibirataense,ANA CL&Eacute;IA DOS SANTOS LEAL,318.129,14882,64.24,97.6,0.576,25.24,47065.93238,43570.13785,10624.97,
Ibitiara,2913002,ibitiarense,WILSON DOS SANTOS SOUZA,1834.002,16403,8.39,96.2,0.585,29.94,33339.25404,30941.80458,6081.83,
Ibitit&aacute;,2913101,ibititaense,NILVA BARRETO DOS SANTOS,573.033,17080,28.63,96.6,0.602,18.96,38870.18909,57520.53709,6949.28,
Ibotirama,2913200,ibotiramense,LAERCIO SILVA DE SANTANA,1740.113,27003,14.76,96.4,0.636,29.34,62187.1602,70199.71683,12401.78,
Ichu,2913309,ichuense,JOSE GONZAGA CARNEIRO,138.016,6220,41.16,98.4,0.631,42.86,17368.0625,16590.96721,6963.23,
Igapor&atilde;,2913408,igaporaense,NEWTON FRANCISCO NEVES COTRIM,836.586,15650,18.26,97.3,0.614,29.24,39684.72262,39271.88107,11445.70,
Igrapi&uacute;na,2913457,igrapiunense,MANOEL RIBEIRO DOS SANTOS,591.312,13091,25.31,97.2,0.574,5.43,39419.02765,35923.10272,11067.21,
Igua&iacute;,2913507,iguaiense,RONALDO MOITINHO DOS SANTOS,860.223,26963,31.05,94.1,0.552,8.06,78780.18022,59483.33864,7177.34,
Ilh&eacute;us,2913606,ilheuense,M&Aacute;RIO ALEXANDRE CORREA DE SOUSA,1588.555,159923,104.67,96.7,0.690,18.36,397911.54004,361229.6176,25829.06,
Inhambupe,2913705,inhambupense,FORTUNATO SILVA COSTA,1082.283,40333,29.70,97.2,0.565,22.37,72615.03984,66885.06944,16152.27,
Ipecaet&aacute;,2913804,ipecaetense,ELCYDES PIAGGIO DE OLIVEIRA J&Uacute;NIOR,372.565,14354,41.45,96.1,0.550,27.03,35403.30605,32919.14909,5475.96,
Ipia&uacute;,2913903,ipiauense,MARIA DAS GRA&Ccedil;AS CESAR MENDON&Ccedil;A,280.454,45922,166.05,97.4,0.670,27.03,79383.69001,74410.9302,9913.51,
Ipir&aacute;,2914000,ipiraense,EDVONILSON SILVA SANTOS,3105.281,59435,19.39,95.9,0.549,13.30,136908.45436,102065.50055,11085.75,
Ipupiara,2914109,ipupiarense,ASCIR LEITE SANTOS,1055.760,9911,8.75,98.8,0.590,11.36,23727.52435,21904.79736,8138.75,
Irajuba,2914208,irajubense,ANTONIO OLIVEIRA SAMPAIO,459.047,7279,16.93,98.2,0.576,48.78,21020.03676,20486.12787,9719.84,
Iramaia,2914307,iramaense,ANTONIO CARLOS SILVA BASTOS,1708.115,8197,6.16,97.3,0.571,27.27,36667.70041,25405.62024,8200.69,
Iraquara,2914406,iraquarense,WALTERSON RIBEIRO COUTINHO,991.822,25478,21.96,99.1,0.599,8.04,53867.76763,45365.8452,16169.78,
Irar&aacute;,2914505,iraraense,DERIVALDO PINTO CERQUEIRA,267.880,29173,98.87,98.7,0.620,12.08,61987.66701,57918.66677,8742.97,
Irec&ecirc;,2914604,ireceense,ELMO VAZ BASTOS DE MATOS,319.174,73524,207.45,96.4,0.691,9.90,143102.95705,131057.76495,16746.40,
Itabela,2914653,itabelense,LUCIANO FRANCISQUETO,924.914,30747,33.37,95.8,0.599,17.65,100994.50905,68130.83215,11561.02,
Itaberaba,2914703,itaberabense,RICARDO DOS ANJOS MASCARENHAS,2386.390,64646,26.30,96.2,0.620,11.48,140571.04026,138731.88786,14009.43,
Itabuna,2914802,itabunense,AUGUSTO NARCISO CASTRO,401.028,213685,473.50,96.6,0.712,19.05,506552.92436,509685.39599,19184.77,
Itacar&eacute;,2914901,itacareense,ANTONIO MARIO DAMASCENO,726.265,28684,32.96,94.7,0.583,20.59,58565.53834,55961.75192,11003.98,
Itaet&eacute;,2915007,itaeteense,ZENILDO MATOS DE OLIVEIRA,1331.822,16110,12.34,98.1,0.572,25.13,34414.65002,33600.10373,5898.19,
Itagi,2915106,itagiense,OLIVAL ANDRADE JUNIOR,310.621,12242,50.35,95.6,0.543,15.63,27679.02019,27850.93996,8090.05,
Itagib&aacute;,2915205,itagibaense,MARCOS VALERIO BARRETO,810.993,14452,19.26,95.4,0.589,20.62,38742.69957,35228.86798,9279.05,
Itagimirim,2915304,itagimiriense,LUIZ CARLOS JUNIOR SILVA DE OLIVEIRA,876.800,6825,8.47,96.2,0.634,29.85,24195.68461,22641.29844,16147.89,
Itagua&ccedil;u da Bahia,2915353,itagua&ccedil;uense,AD&Atilde;O ALVES DE CARVALHO FILHO,4310.238,14542,2.97,96.9,0.562,16.04,39551.28907,36564.49462,8431.96,
Itaju do Col&ocirc;nia,2915403,itajuense,DJALMA ORRICO DUARTE,1225.287,6596,5.98,98.4,0.592,11.90,19736.49741,19651.37038,9796.14,
Itaju&iacute;pe,2915502,itajuipense,MARCONE AMARAL COSTA JUNIOR,270.752,20398,74.10,96.3,0.599,21.35,42368.11736,40181.39062,11152.02,
Itamaraju,2915601,itamarajuense,MARCELO ANGENICA,2360.584,64455,28.47,95.7,0.627,9.86,122536.41767,114607.84484,13965.75,
Itamari,2915700,itamariense,EVERTON BORGES VASCONCELOS,143.479,8003,71.14,95.9,0.578,18.18,20805.44903,21156.5325,8712.36,
Itamb&eacute;,2915809,itambeense,JOS&Eacute; CANDIDO ROCHA ARA&Uacute;JO,1534.575,22754,16.41,96,0.578,18.94,47331.7218,43877.50153,10099.79,
Itanagra,2915908,itanagrense,MARCUS GUSTAVO DE SOUZA SARMENTO,533.634,6436,15.49,98.1,0.584,36.59,10462.76061,21701.65616,10298.85,
Itanh&eacute;m,2916005,itanhense,MILDSON DIAS MEDEIROS,1394.174,19316,13.81,97.7,0.637,5.46,42552.12746,40855.48568,11605.19,
Itaparica,2916104,itaparicano,JOSE ELIAS DAS VIRGENS OLIVEIRA,121.373,22337,175.58,98.3,0.670,30.04,53398.0429,48629.98275,10722.56,
Itap&eacute;,2916203,itapeense,NAELITON ROSA PINTO,453.144,8526,23.94,96.1,0.599,32.52,21896.15445,22019.00587,9913.19,
Itapebi,2916302,itapebiense,JUAREZ DA SILVA OLIVEIRA,1013.074,10215,10.44,97.4,0.572,14.71,42716.04162,37616.20118,27428.96,
Itapetinga,2916401,itapetinguense,RODRIGO HAGGE COSTA,1651.158,76795,41.95,96.8,0.667,17.05,142006.79376,135529.32454,14271.87,
Itapicuru,2916500,itapicuruense,JOSE MOREIRA DE CARVALHO NETO,1557.685,35883,20.35,95.6,0.486,29.26,86327.87441,68897.91856,7677.87,
Itapitanga,2916609,itapitanguense,JOSE ROBERTO DOS SANTOS TOLENTINO,420.663,10298,24.99,97,0.571,43.48,24726.65987,20713.65633,7157.14,
Itaquara,2916708,itaquarense,MARCO AUR&Eacute;LIO WANDERLEY CRUZ COSTA,344.093,8347,23.77,94.5,0.553,40.00,19155.1598,18838.7269,7945.81,
Itarantim,2916807,itarantinense,F&Aacute;BIO PEREIRA GUSM&Atilde;O,1674.029,19843,10.27,96.6,0.610,23.36,39979.86205,39072.82857,13929.74,
Itatim,2916856,itatinhense,DAIANE SILVA DOS ANJOS,547.510,14539,24.89,97.9,0.582,11.30,47511.9974,48286.43214,23178.62,
Itiru&ccedil;u,2916906,itiru&ccedil;uense,LORENNA MOURA DI GREGORIO,322.243,12528,40.46,96.7,0.600,33.33,27471.02436,26314.0551,7483.30,
Iti&uacute;ba,2917003,itiubense,JOS&Eacute; FRANCISCO DOS SANTOS FILHO,1650.593,36116,20.96,95.5,0.544,24.59,79009.15926,82457.76344,7204.65,
Itoror&oacute;,2917102,itororoense,PAULO CARNEIRO RIOS,313.839,20388,63.50,98.6,0.594,23.81,42181.0627,39475.99897,10872.92,
Itua&ccedil;u,2917201,itua&ccedil;uense,PHELLIPE RAMONN GON&Ccedil;ALVES BRITO,1199.374,19030,14.90,98.2,0.570,12.05,42910.54279,40406.43886,8462.80,
Ituber&aacute;,2917300,ituberense,REGES JONAS ARAG&Atilde;O SANTOS,415.428,28740,63.73,97.8,0.606,16.95,59265.84336,54910.96,10492.33,
Iuiu,2917334,iuiuense,REINALDO BARBOSA DE G&Oacute;ES,1525.141,11016,7.34,98.3,0.591,8.77,40761.79638,25795.1151,8728.32,
Jaborandi,2917359,jaborandiense,MARCOS ANT&Ocirc;NIO MATOS DA SILVA,9955.113,8277,0.94,96.1,0.613,15.04,43232.29339,35057.76123,78337.50,
Jacaraci,2917409,jacaraciense,ANTONIO CARLOS FREIRE DE ABREU,1332.420,14850,11.05,98.3,0.593,19.35,42362.33226,32242.69882,6814.78,
Jacobina,2917508,jacobinense,TIAGO MANOEL DIAS FERREIRA,2192.905,80635,33.60,97.3,0.649,11.52,178031.74917,185694.46203,17237.46,
Jaguaquara,2917607,jaguaquarense,EDIONE OLIVEIRA AGOSTINONE,924.512,54673,54.95,94.7,0.580,13.14,93501.51343,84913.16725,10120.10,
Jaguarari,2917706,jaguarariense,ANTONIO FERREIRA DO NASCIMENTO,2466.009,33746,12.35,98.3,0.659,23.98,71374.45858,70575.07908,19288.82,
Jaguaripe,2917805,jaguaripense,HER&Aacute;CLITO ROCHA ARANDAS,863.424,18981,18.32,97.6,0.556,14.08,54426.76268,50515.47346,9053.68,
Janda&iacute;ra,2917904,jandairense,ADILSON AIRES LEITE DE &Aacute;VILA JUNIOR,640.772,10726,16.11,99,0.550,6.90,31098.03687,33392.01823,11335.37,
Jequi&eacute;,2918001,jequieense,ZENILDO BRAND&Atilde;O SANTANA,2969.039,156126,47.07,97.4,0.665,13.51,521761.80621,389276.45284,16887.27,
Jeremoabo,2918100,jeremoabense,DERISVALDO JOSE DOS SANTOS,4267.488,40651,8.09,97.2,0.547,12.74,100897.58494,96361.63028,8080.34,
Jiquiri&ccedil;&aacute;,2918209,jiquiri&ccedil;aense,JOAO FERNANDO ALVES COSTA,238.602,14557,58.97,97.8,0.553,6.58,29664.5684,29035.44505,6879.14,
Jita&uacute;na,2918308,jitaunense,PATRICK GILBERTO RODRIGUES LOPES,262.050,10808,64.47,96.7,0.575,27.78,32385.06407,31112.47937,14818.13,
Jo&atilde;o Dourado,2918357,jo&atilde;o-douradense,DIAMERSON COSTA CARDOSO DOURADO,913.258,25402,24.65,96.5,0.593,11.34,49293.5802,46006.7613,8412.70,
Juazeiro,2918407,juazeirense,SUZANA ALEXANDRE DE CARVALHO RAMOS,6721.237,218162,30.45,96.7,0.677,17.66,526562.31619,509953.67657,19032.14,
Jucuru&ccedil;u,2918456,jucuru&ccedil;uense,ARIVALDO DE ALMEIDA COSTA,1457.656,8988,7.06,91.5,0.541,34.48,52130.47098,23758.68461,10218.73,
Jussara,2918506,jussarense,TACIANO MENDES DA SILVA,1355.173,15262,15.87,97.2,0.571,24.51,35176.23408,32303.48227,6839.15,
Jussari,2918555,jussariense,ANTONIO CARLOS BANDEIRA VALETE,329.190,5768,18.14,94.5,0.567,30.61,18312.66492,17531.26578,9175.97,
Jussiape,2918605,jussiapense,&Eacute;DER JAKES SOUZA AGUIAR,589.763,5976,13.72,98.4,0.602,12.99,20548.9388,18120.67522,8771.05,
Lafaiete Coutinho,2918704,lafaietense,JOSE FREITAS DE SANTANA JUNIOR,498.110,3693,9.62,99.1,0.599,22.73,17142.56622,15662.20214,10092.22,
Lagoa Real,2918753,lagoa-realense,PEDRO CARDOSO CASTRO,912.222,15770,15.88,97.5,0.545,6.94,30026.71742,27241.76869,5790.81,
Laje,2918803,lajista,KLEDSON DUARTE MOTA,449.834,24032,48.50,96.9,0.586,7.72,50855.34458,47907.68046,9997.93,
Lajed&atilde;o,2918902,lajed&atilde;oense,ARISTON ALMEIDA PASSOS FILHO,624.353,3975,6.07,98.7,0.632,47.62,20885.50565,17992.32611,14859.12,
Lajedinho,2919009,lajedinhense,ANTONIO MARIO LIMA SILVA,846.728,3758,5.07,97.5,0.546,23.81,15929.47229,14928.35051,17002.83,
Lajedo do Tabocal,2919058,lagedense,ANT&Ocirc;NIO MARCOS ARA&Uacute;JO DE SENA,382.937,8577,19.23,97.8,0.584,30.61,21236.70811,19536.91372,7754.62,
Lamar&atilde;o,2919108,lamar&atilde;oense,MARIA LUZINEIDE COSTA SILVA DE ARA&Uacute;JO,189.257,8191,45.74,95.2,0.518,14.08,20565.8105,18887.9632,6142.62,
Lap&atilde;o,2919157,lapoense,MARCIO ANTONIO MESSIAS DA SILVA,642.882,27274,42.38,97,0.596,11.44,65009.77106,63486.59828,7624.63,
Lauro de Freitas,2919207,lauro-freitense,MOEMA ISABEL PASSOS GRAMACHO,58.043,201635,2833.38,97.2,0.754,13.68,519885.47642,474285.94151,33059.94,
Len&ccedil;&oacute;is,2919306,len&ccedil;oense,VANESSA DOS ANJOS TELES SENNA,1283.328,11499,8.12,97.2,0.623,17.09,27303.1426,26900.79412,10749.56,
Lic&iacute;nio de Almeida,2919405,lic&iacute;nio-de-almeidense,FREDERICO VASCONCELLOS FERREIRA,856.626,12373,14.60,98.4,0.621,28.99,32694.62231,25942.64529,8700.57,
Livramento de Nossa Senhora,2919504,livramentense,JOS&Eacute; RICARDO ASSUN&Ccedil;&Atilde;O RIBEIRO,1952.510,46062,19.99,98.1,0.611,6.84,82765.87656,73982.26004,9930.90,
Lu&iacute;s Eduardo Magalh&atilde;es,2919553,luiseduardense,ONDUMAR FERREIRA BORGES JUNIOR,4036.094,90162,15.25,96.4,0.716,13.57,305247.0096,288958.97693,72967.01,
Macajuba,2919603,macajubense,LUCIANO PAMPONET DE SOUSA,701.171,11332,17.27,97.6,0.524,13.51,44636.61349,28611.1025,6456.98,
Macarani,2919702,macaraniense,SELMA RODRIGUES SOUTO,1210.106,18909,13.28,96.7,0.605,36.20,42453.87819,40549.07366,9005.25,
Maca&uacute;bas,2919801,macaubense,ALOISIO MIGUEL REBONATO,2459.102,50161,15.71,97.9,0.609,19.93,91801.82027,83840.88005,7457.96,
Macurur&eacute;,2919900,macururense,LEANDRO BERGUE GOMES DA CRUZ,2545.856,7787,3.52,97.1,0.604,33.33,21281.88398,18058.30908,5528.26,
Madre de Deus,2919926,madre-deusense,DAILTON RAIMUNDO DE JESUS FILHO,32.201,21432,539.61,98.5,0.708,21.13,158842.64453,153065.00399,23019.15,
Maetinga,2919959,maetinguense,ALINE COSTA AGUIAR SILVEIRA,614.834,2764,10.32,96.8,0.538,14.49,22889.25217,18530.22419,12782.06,
Maiquinique,2920007,maiquiniquense,JESULINO DE SOUZA PORTO,588.297,10206,17.85,98.1,0.576,19.80,22400.92272,21822.59998,10168.34,
Mairi,2920106,mairiense,JOS&Eacute; BONIF&Aacute;CIO PEREIRA DA SILVA,906.680,18602,20.29,98,0.572,19.61,41746.28326,40867.02714,7023.86,
Malhada,2920205,malhadense,GIMMY EVERTON MOURARIA RAMOS,1979.194,16861,7.97,97.4,0.562,8.06,40655.7602,41638.84955,8151.43,
Malhada de Pedras,2920304,malhada-pedrense,CARLOS ROBERTO SANTOS DA SILVA,550.550,8359,16.01,97.4,0.578,9.26,20668.64247,17439.29267,7382.54,
Manoel Vitorino,2920403,manoel-vitorinense,MANOEL SILVANY BARROS,2201.764,13087,6.45,98.2,0.566,5.15,37725.62995,32143.93529,10233.65,
Mansid&atilde;o,2920452,mansid&atilde;oense,DJALMA RAMOS DE OLIVEIRA,3129.588,13734,3.96,99.3,0.599,39.22,33958.09541,30980.11798,5620.97,
Marac&aacute;s,2920502,maracaense,UILSON VENANCIO GOMES DE NOVAES,2413.270,20393,10.92,97.2,0.607,8.13,57366.11209,55365.88715,39669.93,
Maragogipe,2920601,maragogipano,VALN&Iacute;CIO ARMEDE RIBEIRO,437.610,44793,97.27,96.8,0.621,11.14,80950.22001,77522.19345,7429.63,
Mara&uacute;,2920700,marauense,MANASS&Eacute;S SANTOS SOUZA,848.885,20617,23.20,95,0.593,8.10,55726.71737,51961.40954,11351.44,
Marcion&iacute;lio Souza,2920809,marcionilense,HERMINIO JOS&Eacute; OLIVEIRA MERC&Ecirc;S,1099.283,10380,8.22,96.1,0.561,7.81,25303.39468,26573.5351,7384.67,
Mascote,2920908,mascotense,ARNALDO LOPES COSTA,742.689,13717,18.95,95,0.581,17.24,32920.249,31755.55853,9338.70,
Mata de S&atilde;o Jo&atilde;o,2921005,matense,JO&Atilde;O GUALBERTO VASCONCELOS,605.168,47126,63.46,98.1,0.668,18.23,177163.21836,168512.90223,24684.00,
Matina,2921054,matinense,OLGA GENTIL DE CASTRO CARDOSO,773.278,12283,14.37,97.5,0.572,15.63,27220.1942,26143.14584,6127.39,
Medeiros Neto,2921104,medeirense,ADALBERTO ALVES PINTO,1311.739,22716,17.40,96.7,0.625,7.55,54175.53351,50250.56079,14560.93,
Miguel Calmon,2921203,calmonense,JOSE RICARDO LEAL REQUIAO,1599.672,25894,16.88,97.5,0.586,15.96,49402.89665,43921.33581,8294.65,
Milagres,2921302,milagrense,CEZAR ROTONDANO MACHADO,420.358,10893,36.24,98.9,0.622,14.39,26836.03054,23356.53611,8592.64,
Mirangaba,2921401,mirangabense,DIRCEU MENDES RIBEIRO,1751.778,18474,9.59,98.4,0.542,24.39,41295.20747,40059.4578,6388.68,
Mirante,2921450,mirantense,WAGNER RAMOS LIMA,1172.860,8447,9.70,97.3,0.527,32.61,21894.07635,20476.584,6633.66,
Monte Santo,2921500,monte-santense,SILVANIA SILVA MATOS,3034.197,49278,16.43,98.1,0.506,20.75,103250.34569,94070.23445,6863.25,
Morpar&aacute;,2921609,morparaense,SIRLEY NOVAES BARRETO,2093.872,8497,4.88,97.9,0.558,27.78,20299.68368,18295.32938,7447.74,
Morro do Chap&eacute;u,2921708,morrense,JULIANA PEREIRA ARAUJO LEAL,5744.969,35440,6.12,96.5,0.588,14.84,81818.57657,74194.31278,10691.90,
Mortugaba,2921807,mortugabense,HERACLITO LUIZ PAIXAO MATOS,528.214,12052,20.38,99.7,0.618,8.06,25910.86427,24088.19973,7337.50,
Mucug&ecirc;,2921906,mucugeense,ANA OLIMPIA HORA MEDRADO,2462.153,8889,4.30,97.5,0.606,23.81,38962.26274,37573.77174,37229.67,
Mucuri,2922003,mucuriense,ROBERTO CARLOS FIGUEIREDO COSTA,1787.626,42251,20.23,94.1,0.665,10.49,178837.60433,153797.64543,59689.06,
Mulungu do Morro,2922052,mulunguense,EDIMARIO JOS&Eacute; BOAVENTURA,646.621,10673,21.64,98.4,0.566,14.93,34342.82783,34090.5455,34599.69,
Mundo Novo,2922102,mundo-novense,JOS&Eacute; ADRIANO DA SILVA,1491.990,26970,16.34,96.5,0.590,16.67,45825.49875,41301.45929,6060.56,
Muniz Ferreira,2922201,ferreirense,GILENO PEREIRA DOS SANTOS,104.540,7443,66.45,98.2,0.617,12.50,18024.93134,16580.0292,6831.64,
Muqu&eacute;m do S&atilde;o Francisco,2922250,sanfranciscano,GILMARIA RIOS PEREIRA ARA&Uacute;JO,3852.111,11417,2.82,97.1,0.549,24.54,33407.02188,31213.74418,12405.57,
Muritiba,2922300,muritibano,DANILO MARQUES DIAS SAMPAIO,86.311,29410,323.58,96.7,0.660,14.12,57288.42853,52964.0935,8531.90,
Mutu&iacute;pe,2922409,mutuipense,RODRIGO MAICON DE SANTANA ANDRADE,275.854,22282,75.74,98.7,0.601,13.25,41672.23612,39167.75398,9973.26,
Nazar&eacute;,2922508,nazareno,EUNICE SOARES BARRETO PEIXOTO,278.629,28594,107.47,96.9,0.641,9.23,46140.50546,46098.50026,9208.88,
Nilo Pe&ccedil;anha,2922607,nilo-pe&ccedil;anhense,JACQUELINE SOARES DE OLIVEIRA,388.936,14079,31.38,94.9,0.547,15.79,37879.15029,34824.6903,9286.81,
Nordestina,2922656,nordestinense,ELIETE DE ANDRADE ARAUJO,465.407,13164,26.38,98.7,0.560,15.71,31554.22099,31378.16824,11129.00,
Nova Cana&atilde;,2922706,canaense,MARIVAL NEUTON DE MAGALH&Atilde;ES FRAGA,804.617,16472,19.58,96.9,0.545,33.33,42467.5047,34607.87207,7753.20,
Nova F&aacute;tima,2922730,fatimense,JOSE ADRIANO SANTOS PEREIRA,346.784,7821,21.73,98.5,0.597,22.22,20869.13229,19620.87626,9892.11,
Nova Ibi&aacute;,2922755,nova-ibiaense,JOS&Eacute; MURILO NUNES DE SOUZA,203.198,6554,37.19,97,0.570,27.03,18574.52309,16912.86521,11037.76,
Nova Itarana,2922805,nova-itaranense,ANTONIO DANNILO ITALIANO DE ALMEIDA,475.381,8279,15.80,97.4,0.524,26.79,20767.38226,20050.21932,6216.44,
Nova Reden&ccedil;&atilde;o,2922854,nova-reden&ccedil;oense,GUILMA RITA DE C&Aacute;SSIA GOTTSCHALL DA SILVA SOARES,565.356,9123,18.64,95.1,0.567,19.61,19324.97456,17916.77788,5877.58,
Nova Soure,2922904,nova-souriense,LUIS CASSIO DE SOUZA ANDRADE,966.993,26998,25.40,97.6,0.555,23.88,57744.95344,54185.95571,8494.34,
Nova Vi&ccedil;osa,2923001,nova-vi&ccedil;osense,LUCIANA SOUSA MACHADO RODRIGUES,1316.379,43783,29.15,97,0.654,20.30,82539.16118,94355.72885,11470.31,
Novo Horizonte,2923035,novo-horizontino,DJALMA ABREU DOS ANJOS,627.500,12522,17.52,97.4,0.597,17.09,37852.71891,24040.75138,6468.78,
Novo Triunfo,2923050,novo-triunfense,MATHEUS BARROS DE SANTANA,278.487,15443,59.89,94.6,0.554,36.14,29782.25736,25638.28563,5064.60,
Olindina,2923100,olindinense,LUIZ ALBERTO ARAUJO DANTAS FILHO,637.317,28304,46.00,91.4,0.559,17.06,49742.90374,45912.34956,7104.84,
Oliveira dos Brejinhos,2923209,brejinhense,SILVANDO BRITO SANTOS,3313.418,21810,6.21,97.8,0.554,13.84,46905.85419,41893.12891,7826.44,
Ouri&ccedil;angas,2923308,ouri&ccedil;anguense,ANTONIO DIAS MARQUES,156.982,8570,53.51,98.7,0.607,12.66,20974.13415,17522.07158,6484.99,
Ourol&acirc;ndia,2923357,ourolandense,JOS&Eacute; RAIMUNDO ARAUJO DE SOUZA,1544.988,17511,11.03,97.7,0.560,9.74,43405.64817,37110.24298,8917.15,
Palmas de Monte Alto,2923407,monte-altense,MANOEL RUBENS VICENTE DA CRUZ,2560.027,21796,8.23,99,0.586,19.38,41720.59824,41287.66277,7657.11,
Palmeiras,2923506,palmeirense,RICARDO OLIVEIRA GUIMAR&Atilde;ES,737.454,9071,12.79,96.2,0.643,17.96,22698.50513,19909.47555,8913.87,
Paramirim,2923605,paramirinhense,GILBERTO MARTINS BRITO,1087.060,21695,17.95,96.7,0.615,8.70,49298.07611,50279.9929,9665.33,
Paratinga,2923704,paratinguense,MARCEL JOS&Eacute; CARNEIRO DE CARVALHO,2624.998,32141,11.28,98.9,0.590,21.48,63743.7941,63815.11473,6769.58,
Paripiranga,2923803,paripiranguense,JUSTINO DAS VIRGENS NETO,442.186,29058,63.76,97.4,0.577,15.04,52055.3243,46524.39398,9625.99,
Pau Brasil,2923902,pau-brasilense,BARBARA SUZETE DE SOUSA PRADO,626.306,9686,17.89,96.9,0.583,29.24,23849.09086,22547.15109,9120.44,
Paulo Afonso,2924009,paulo-afonsino,LUIZ BARBOSA DE DEUS,1544.388,118516,68.62,96.4,0.674,18.50,325776.21973,292032.05589,29723.43,
P&eacute; de Serra,2924058,p&eacute;-de-serrense,EDGAR CARNEIRO MIRANDA,596.771,13556,22.32,98,0.587,12.12,31201.42673,30292.00183,6962.06,
Pedr&atilde;o,2924108,pedronense,SOSTHENES SERRAVALLE CAMPOS,158.488,7394,43.03,98.3,0.588,34.48,18798.83768,19279.61684,5555.19,
Pedro Alexandre,2924207,pedro-alexandrense,YURI CESAR DE ANDRADE MENEZES,889.572,16682,18.97,94.4,0.513,17.75,35432.8266,36044.64602,5636.83,
Piat&atilde;,2924306,piat&atilde;ense,MARCOS PAULO SANTOS AZEVEDO,1825.857,16984,10.49,98.6,0.571,16.19,43894.82413,41154.22853,7262.10,
Pil&atilde;o Arcado,2924405,pil&atilde;o-arcadense,ORGETO BASTOS DOS SANTOS,11597.923,35175,2.80,95.8,0.506,18.06,111897.13376,85967.29866,6795.43,
Pinda&iacute;,2924504,pindaiense,JOAO EVANGELISTA VEIGA PEREIRA,628.468,16285,25.45,98.5,0.603,11.43,35307.47698,31529.90574,11577.37,
Pindoba&ccedil;u,2924603,pindoba&ccedil;uense,DAVID MENEZES FARIAS,495.845,20098,40.54,98.6,0.577,22.39,58461.43613,53873.39694,6558.46,
Pintadas,2924652,pintadense,VALCYR ALMEIDA RIOS,647.144,10394,18.96,96.7,0.612,11.49,25100.88014,22693.31034,8194.33,
Pira&iacute; do Norte,2924678,piraiense,ULYSSES ARA&Uacute;JO DE MENEZES VEIGA,193.427,10036,52.32,95.4,0.533,16.13,22632.06689,21145.55539,7954.22,
Pirip&aacute;,2924702,piripaense,FLAVIO OLIVEIRA ROCHA,511.756,10475,29.08,97.3,0.575,10.75,21340.78804,20269.43071,6219.44,
Piritiba,2924801,piritibano,SAMUEL OLIVEIRA SANTANA,980.328,24964,22.96,97.9,0.578,8.03,43348.92156,45388.15278,6216.63,
Planaltino,2924900,planaltinense,RONALDO LISBOA DA SILVA,955.454,9370,9.52,96.6,0.572,13.70,21737.58934,19818.33863,7307.62,
Planalto,2925006,planaltense,CLOVES ALVES ANDRADE,769.000,26426,27.70,97.1,0.560,13.42,51742.30249,49851.21481,9127.41,
Po&ccedil;&otilde;es,2925105,po&ccedil;oense,IRENILDA CUNHA DE MAGALHAES,937.269,46879,54.08,96.5,0.604,15.63,92723.55153,92443.01307,10142.68,
Pojuca,2925204,pojucano,CARLOS EDUARDO BASTOS LEITE,314.932,39972,113.97,96.7,0.666,17.58,105971.22023,94394.3466,26557.29,
Ponto Novo,2925253,ponto-novense,THIAGO GILLENO SALES DE OLIVEIRA,530.144,14819,31.65,98.1,0.580,18.25,37618.37655,36066.74569,7544.35,
Porto Seguro,2925303,porto-segurense,JANIO NATAL ANDRADE BORGES,2285.734,150658,52.70,96.9,0.676,13.74,368506.50684,347219.64249,21317.76,
Potiragu&aacute;,2925402,potirag&uuml;ense,JORGE PORTO CHELES,1111.567,6916,9.95,97.6,0.625,17.86,23530.84157,24313.23835,11213.83,
Prado,2925501,pradense,GILVAN DA SILVA SANTOS,1692.100,28194,15.87,96.5,0.621,13.57,75966.13533,72797.68632,15773.03,
Presidente Dutra,2925600,presidutrense,ROBERTO CARLOS ALVES DE SOUZA,232.064,15160,84.07,96,0.614,22.47,33601.91732,31674.49637,6667.59,
Presidente J&acirc;nio Quadros,2925709,janio-quadrense,L&Eacute;LIO ALVES BRITO J&Uacute;NIOR,1208.549,12179,11.52,97,0.542,13.89,31640.87157,29266.96411,6545.69,
Presidente Tancredo Neves,2925758,tancredense,ANTONIO DOS SANTOS MENDES,441.820,28004,57.16,97.5,0.559,15.38,59094.48752,57887.52319,9395.84,
Queimadas,2925808,queimadense,ANDRE LUIZ ANDRADE,2011.060,25433,12.13,98,0.592,6.58,53166.18389,50355.01733,8027.25,
Quijingue,2925907,quijinguense,WELIGTON CAVALCANTE DE GOIS,1380.798,27626,20.28,98.4,0.544,11.02,57500.29169,56522.86641,6488.67,
Quixabeira,2925931,quixabeirense,REGINALDO SAMPAIO SILVA,366.387,8956,24.64,98.6,0.578,9.09,21339.6533,20414.3875,6787.12,
Rafael Jambeiro,2925956,jambeirense,CIBELE OLIVEIRA DE CARVALHO,1090.552,22633,18.95,96.3,0.564,14.39,52238.75297,51871.14847,13463.17,
Remanso,2926004,remansense,MARCOS CARVALHO PALMEIRA,4573.505,41170,8.32,96.3,0.579,7.46,82739.68547,81204.18515,8864.84,
Retirol&acirc;ndia,2926103,retirolandense,ALIVANALDO MARTINS DOS SANTOS,242.329,14495,66.43,98.5,0.636,4.61,30876.64528,28621.12602,8574.08,
Riach&atilde;o das Neves,2926202,riach&atilde;o-nevense,MIGUEL CRISOSTOMO BORGES NETO,5977.931,22334,3.87,95,0.578,10.17,68541.30732,59314.80186,43808.04,
Riach&atilde;o do Jacu&iacute;pe,2926301,jacuipense,JOSE CARLOS DE MATOS SOARES,1155.418,33468,27.87,98.3,0.628,16.71,60702.33541,56972.88543,10660.01,
Riacho de Santana,2926400,riachense,TITO EUGENIO CARDOSO DE CASTRO,3183.911,35593,11.87,96.8,0.615,7.96,65513.56574,61848.95812,7195.92,
Ribeira do Amparo,2926509,amparense,JOS&Eacute; GERMANO SOARES DE SANTANA,644.229,14612,22.22,98.8,0.512,10.42,34660.18203,34724.69003,8719.36,
Ribeira do Pombal,2926608,pombalense,ERIKSSON SANTOS SILVA,1252.144,53956,62.34,96.6,0.601,13.28,173551.92594,117666.81566,10613.52,
Ribeir&atilde;o do Largo,2926657,ribeirense,HERBERT GONCALVES DE OLIVEIRA,1363.700,5343,6.77,97.7,0.540,11.90,24982.04188,23149.93301,12765.84,
Rio de Contas,2926707,rio-contense,CRISTIANO CARDOSO DE AZEVEDO,1115.252,12932,12.23,97.9,0.605,24.39,25827.025,23415.36745,9122.98,
Rio do Ant&ocirc;nio,2926806,rio-antoniense,GERSON DE SOUZA RIBEIRO,777.903,15448,18.19,96.5,0.576,14.60,28264.62153,26942.5407,6589.39,
Rio do Pires,2926905,rio-pirense,GILVANIO ANTONIO DOS SANTOS,656.223,11663,14.54,97.2,0.594,19.23,26607.98372,24741.16696,7072.50,
Rio Real,2927002,rio-realense,ANTONIO ALVES DOS SANTOS,739.775,40976,51.84,97.5,0.572,16.29,78792.40047,71832.15936,21840.40,
Rodelas,2927101,rodelense,EMANUEL RODRIGUES FERREIRA,2207.159,9442,2.85,96.5,0.632,15.54,24432.68379,22587.60732,9752.43,
Ruy Barbosa,2927200,rui-barbosense,LUIZ CLAUDIO MIRANDA PIRES,1991.772,30857,13.76,97.9,0.610,19.52,59165.40163,57077.5991,9764.40,
Salinas da Margarida,2927309,salinense,WILSON RIBEIRO PEDREIRA,150.569,15862,89.81,97.9,0.617,18.87,44971.28395,37930.26191,10704.28,
Salvador,2927408,soteropolitano,BRUNO SOARES REIS,693.453,2886698,3859.44,95.9,0.759,14.56,6270192.75488,5674145.3246,22232.68,
Santa B&aacute;rbara,2927507,barbarense,EDIFRANCIO DE JESUS OLIVEIRA,347.021,20883,55.15,99,0.583,32.26,37583.39303,32501.86867,8147.30,
Santa Br&iacute;gida,2927606,santa-brigidense,ELTON CARLOS MAGALH&Atilde;ES,934.461,14063,17.06,97.2,0.546,10.81,34667.39877,32418.79486,6983.66,
Santa Cruz Cabr&aacute;lia,2927705,santa-cruzense,AGNELO SILVA SANTOS JUNIOR,1462.942,27922,16.92,96.4,0.654,11.24,71484.51232,68729.12637,15085.38,
Santa Cruz da Vit&oacute;ria,2927804,santa-cruzense,MAUR&Iacute;CIO LOPES DOS SANTOS,284.083,6278,22.38,92,0.610,14.93,16683.53035,15486.18734,8602.41,
Santa In&ecirc;s,2927903,santinense,HERMESON NOVAES ELOI,379.270,10606,32.83,98.3,0.574,14.29,22554.33073,20594.3248,6534.75,
Santaluz,2928000,luzense,ARISM&Aacute;RIO BARBOSA J&Uacute;NIOR,1623.445,37531,21.65,97.5,0.598,8.15,77592.00435,64697.85998,10065.84,
Santa Luzia,2928059,santa-luziense,FERNANDO SCHUELER BRITO,824.473,12449,17.22,92.5,0.556,29.59,28764.38324,27676.4662,7339.73,
Santa Maria da Vit&oacute;ria,2928109,santa-mariense,ANT&Ocirc;NIO ELSON MARQUES DA SILVA,1984.910,39775,20.49,98.9,0.614,16.63,101656.45329,90264.38387,11678.58,
Santana,2928208,santanense,MARCO AUR&Eacute;LIO DOS SANTOS CARDOSO,1909.353,26705,13.60,99.7,0.608,12.50,54171.44763,54837.51766,9418.19,
Santan&oacute;polis,2928307,santanopolinense,GILSON CERQUEIRA ALMEIDA,222.686,8966,38.02,99,0.592,10.75,11311.38214,18969.22509,5688.40,
Santa Rita de C&aacute;ssia,2928406,santa-ritense,JOS&Eacute; BENEDITO ROCHA ARAG&Atilde;O,6030.491,28481,4.39,97.7,0.605,25.13,58258.18723,55366.9627,7985.64,
Santa Terezinha,2928505,santa-teresinhense,AGNALDO FIGUEIREDO ANDRADE,719.257,10464,13.64,97.5,0.587,18.02,25459.72435,24052.00805,7106.75,
Santo Amaro,2928604,santamarense,ALESSANDRA GOMES REIS E SILVA DO CARMO,494.502,60131,117.26,98.2,0.646,17.86,114539.48307,107860.31024,13628.51,
Santo Ant&ocirc;nio de Jesus,2928703,santo-antoniense,GENIVAL DEOLINO SOUZA,261.740,102380,348.14,97.4,0.700,11.32,182221.75889,171353.21998,21629.28,
Santo Est&ecirc;v&atilde;o,2928802,santo-estevense,ROGERIO DOS SANTOS COSTA,360.334,53269,131.91,97.7,0.626,14.49,94418.14181,88792.55053,13962.54,
S&atilde;o Desid&eacute;rio,2928901,s&atilde;o-desideriano,JOSE CARLOS DE CARVALHO,15156.712,34266,1.82,95.8,0.579,15.72,166861.62074,129262.22555,109841.86,
S&atilde;o Domingos,2928950,s&atilde;o-dominguense,ILARIO ANTONIO NETO RIOS CARNEIRO,289.963,9072,28.22,97.7,0.640,11.63,21735.55097,19438.57794,7755.89,
S&atilde;o F&eacute;lix,2929008,s&atilde;o-felista,ALEX SANDRO ALELUIA DE BRITO,103.226,14762,142.11,97.5,0.639,12.12,39947.67985,37104.00494,14138.21,
S&atilde;o F&eacute;lix do Coribe,2929057,s&atilde;o-felense,JUTAI EUDES RIBEIRO FERREIRA,1751.671,15468,13.74,97.6,0.639,4.22,64869.31065,46428.82072,13999.38,
S&atilde;o Felipe,2929107,s&atilde;o-felipense,ANTONIO JORGE MACEDO DA SILVA,222.407,21080,98.57,99.7,0.616,14.08,47299.53518,48588.87861,8870.08,
S&atilde;o Francisco do Conde,2929206,franciscano,ANT&Ocirc;NIO CARLOS VASCONCELOS CALMON,269.715,40245,126.24,97.9,0.674,9.48,594320.25533,504606.20595,225290.31,
S&atilde;o Gabriel,2929255,s&atilde;o-gabrielense,HIPOLITO RODRIGUES SILVA GOMES,1146.054,18789,15.36,97.1,0.592,23.72,40295.6358,39852.96965,6153.82,
S&atilde;o Gon&ccedil;alo dos Campos,2929305,s&atilde;o-gon&ccedil;alense,TARC&Iacute;SIO T&Ocirc;RRES PEDREIRA,294.768,37942,110.67,97.8,0.627,14.49,64912.3232,59850.33416,27516.55,
S&atilde;o Jos&eacute; da Vit&oacute;ria,2929354,s&atilde;o-joseense,JEOV&Aacute; NUNES DE SOUZA,127.925,5608,78.84,97.3,0.546,50.51,15903.68484,16539.19399,8478.96,
S&atilde;o Jos&eacute; do Jacu&iacute;pe,2929370,jacuipense,ALBERLAN PERIS MOREIRA DA CUNHA,362.365,10505,25.30,98.5,0.552,15.75,26913.33027,25494.22012,8366.76,
S&atilde;o Miguel das Matas,2929404,miguelense,VALDELINO DE JESUS SANTOS,230.906,11704,48.57,98.7,0.593,47.17,25565.10289,25065.10123,11426.85,
S&atilde;o Sebasti&atilde;o do Pass&eacute;,2929503,sebastianense,MARIA NILZA DA MATA SANTANA,536.678,44430,78.30,97.7,0.657,10.58,116098.86824,105426.28246,14504.51,
Sapea&ccedil;u,2929602,sapea&ccedil;uense,GEORGE VIEIRA GOIS,131.218,17409,141.50,98.1,0.614,16.06,43518.01008,38911.84172,9473.63,
S&aacute;tiro Dias,2929701,satirense,PEDRO RAIMUNDO SANTANA DA CRUZ,949.223,17302,18.78,97.2,0.527,4.61,43654.92041,43129.38307,10517.96,
Saubara,2929750,saubarense,MARCIA MENDES OLIVEIRA DE ARA&Uacute;JO,166.428,12105,68.51,98.4,0.617,9.35,34184.24461,34044.28037,11133.59,
Sa&uacute;de,2929800,saudense,AUCICLEI COSTA RODRIGUES,509.098,12943,23.49,97.1,0.549,23.08,25226.80183,23922.67712,6536.81,
Seabra,2929909,seabrense,F&Aacute;BIO MIRANDA DE OLIVEIRA,2402.170,44234,16.60,98.1,0.635,21.96,82574.68234,78997.02284,12018.57,
Sebasti&atilde;o Laranjeiras,2930006,sebastianense,PEDRO ANT&Ocirc;NIO PEREIRA MALHEIROS,1984.511,11512,5.32,96.7,0.615,12.05,27752.20597,25725.95897,7000.68,
Senhor do Bonfim,2930105,bonfinense,LA&Eacute;RCIO MUNIZ DE AZEVEDO JUNIOR,789.361,79424,89.93,98,0.666,12.93,129265.48335,125534.17838,11114.63,
Serra do Ramalho,2930154,serra-malhense,ELI CARLOS DOS ANJOS SANTOS,2340.684,31416,12.20,97.4,0.595,15.69,76450.31404,75809.26954,8923.97,
Sento S&eacute;,2930204,sento-seense,ANA LUIZA RODRIGUES DA SILVA PASSOS,11980.172,40989,2.95,97.5,0.585,21.11,87580.99159,86266.23456,22558.77,
Serra Dourada,2930303,serra-douradense,AUZENILDO SOUZA COSTA,1592.245,17321,13.45,98.8,0.608,12.88,42734.28073,39701.68895,8231.80,
Serra Preta,2930402,serra-pretense,FRANKLIN LEITE DA SILVA,595.297,14699,28.71,98.1,0.566,16.13,33869.67273,31869.8351,7524.19,
Serrinha,2930501,serrinhense,ADRIANO SILVA LIMA,583.314,81286,122.97,97.3,0.634,13.16,144189.16898,147655.41665,10814.03,
Serrol&acirc;ndia,2930600,serrolandense,GILDO MOTA BISPO,322.022,13446,41.72,98.8,0.590,10.70,31618.88273,27631.05684,6977.85,
Sim&otilde;es Filho,2930709,sim&otilde;es-filhense,DIOGENES TOLENTINO OLIVEIRA,201.418,135783,586.65,95.9,0.675,14.13,349440.53357,293260.79504,43740.28,
S&iacute;tio do Mato,2930758,s&iacute;tio-matense,CASSIO GUIMARAES CURSINO,1627.806,13059,6.88,98.8,0.564,17.09,31410.51677,34563.97647,7305.55,
S&iacute;tio do Quinto,2930766,s&iacute;tio-quintense,JAIR JESUS DOS SANTOS,684.089,9701,17.98,97.9,0.533,20.41,26219.16061,24007.72082,7430.46,
Sobradinho,2930774,sobradinhense,REGIS CLEIVYS SAMPAIO BETO,1355.972,23233,17.76,97.8,0.631,23.09,72002.69787,63784.69886,30335.78,
Souto Soares,2930808,souto-soarense,ANDRE LUIZ SAMPAIO CARDOSO,1026.634,17050,16.00,97.1,0.592,37.43,40234.22336,37842.78005,6873.05,
Tabocas do Brejo Velho,2930907,taboquense,FLAVIO DA SILVA CARVALHO,1437.189,12516,8.31,98.2,0.584,14.18,35722.00414,35255.64688,12079.30,
Tanha&ccedil;u,2931004,tanha&ccedil;uense,JO&Atilde;O FRANCISCO SANTOS,1277.514,20393,16.21,98.2,0.577,25.97,42554.93205,40478.16596,8991.60,
Tanque Novo,2931053,tanque-novense,PAULO RICARDO BONFIM CARNEIRO,729.516,17443,22.31,98.4,0.599,17.86,40900.81391,41575.13007,9531.18,
Tanquinho,2931103,tanquinhense,JOSE LUIZ DOS SANTOS REIS,243.839,7928,36.43,96,0.597,15.63,17522.9574,15218.87657,6797.37,
Tapero&aacute;,2931202,taperoense,CHRISTIANNE MARY PEREIRA GUIMARAES,454.081,21253,45.64,96.1,0.566,8.10,48031.26194,44891.12248,8030.32,
Tapiramut&aacute;,2931301,tapiramutaense,ROBERTO VENANCIO DOS SANTOS,714.691,16974,24.88,95,0.594,5.13,45398.93872,38265.41359,6432.60,
Teixeira de Freitas,2931350,teixeirense,MARCELO GUSM&Atilde;O PONTES BELITARDO,1165.622,162438,118.87,96.5,0.685,7.98,361818.24627,345935.36403,16319.99,
Teodoro Sampaio,2931400,teodorense,JOS&Eacute; ALVES DA CRUZ,244.613,7359,34.10,95.8,0.594,19.61,23195.67415,22179.94461,9684.91,
Teofil&acirc;ndia,2931509,teofilandense,HIGO MOURA MEDEIROS,351.892,22555,64.02,96.8,0.566,6.45,50290.6003,45258.34129,7038.51,
Teol&acirc;ndia,2931608,teolandense,MARIA BAITINGA DE SANTANA,289.782,15022,46.68,90.5,0.555,6.06,40679.24219,40219.95436,11399.35,
Terra Nova,2931707,terra-novense,EDER SAO PEDRO MENEZES,193.241,13025,64.36,96.7,0.578,17.86,27795.97022,25905.76664,8907.66,
Tremedal,2931806,tremedalense,JOS&Eacute; CARLOS VIEIRA BAHIA,2010.316,16189,10.14,96.6,0.528,5.49,39534.77221,38014.47651,6818.22,
Tucano,2931905,tucanense,RICARDO MAIA CHAVES DE SOUZA FILHO,2198.237,50798,18.73,98.2,0.579,15.76,97492.96396,91397.63151,8924.09,
Uau&aacute;,2932002,uauaense,MARCOS HENRIQUE LOBO ROSA,3060.116,24113,8.00,97.3,0.605,18.46,52559.46647,48746.72248,7922.56,
Uba&iacute;ra,2932101,ubairense,LUCIO PASSOS MONTEIRO,659.138,19877,27.19,97.8,0.582,16.60,43517.33611,42369.37072,8477.56,
Ubaitaba,2932200,ubaitabense,ASCLEP&Iacute;ADES DE ALMEIDA QUEIROZ,181.102,18847,115.72,95.8,0.611,13.03,39677.58554,42194.11566,11008.54,
Ubat&atilde;,2932309,ubatense,VINICIUS DO VALE DE SOUZA,177.643,27263,93.22,94.5,0.593,18.69,52434.3874,40963.19332,7204.87,
Uiba&iacute;,2932408,uibaiense,UBIRACI ROCHA LEVI,545.298,13891,24.73,97.7,0.617,5.26,30980.92676,28076.47374,6406.49,
Umburanas,2932457,umburanense,ROBERTO BRUNO SILVA,1775.633,19402,10.18,95.7,0.515,5.81,40813.85382,38764.13824,7899.70,
Una,2932507,unense,TIAGO BIRSCHNER,1126.733,18544,20.48,96.8,0.560,24.69,52969.14189,52684.98844,13415.79,
Urandi,2932606,urandiense,WARLEI OLIVEIRA DE SOUZA,902.402,16665,16.98,98.1,0.598,19.32,37548.73892,35237.85018,9687.00,
Uru&ccedil;uca,2932705,uru&ccedil;uquense,MOACYR BATISTA DE SOUZA LEITE J&Uacute;NIOR,510.098,20413,50.61,95.8,0.616,17.86,44499.32344,45256.47911,11066.82,
Utinga,2932804,utinguense,JOYUSON VIEIRA SANTOS,633.760,19256,28.47,96.9,0.590,8.10,39723.76228,37798.99072,8329.77,
Valen&ccedil;a,2932903,valenciano,JAIRO DE FREITAS BAPTISTA,1123.975,97233,74.35,97.1,0.623,16.20,161313.09484,154549.08034,15175.39,
Valente,2933000,valentense,UBALDINO AMARAL DE OLIVEIRA,394.877,28800,63.90,98.7,0.637,28.78,53524.236,48327.18347,8021.56,
V&aacute;rzea da Ro&ccedil;a,2933059,varzeano,DANILLO SANTOS SALES RIOS,468.407,14121,26.83,97.9,0.539,11.98,35390.50364,29896.54287,6425.49,
V&aacute;rzea do Po&ccedil;o,2933109,varzeapense,MANOEL CARNEIRO FILHO,206.478,9210,42.27,98.8,0.575,30.61,18750.01178,18332.30996,9051.44,
V&aacute;rzea Nova,2933158,v&aacute;rzea-novense,JOAO HEBERT ARAUJO DA SILVA,1225.892,12625,10.96,95.9,0.555,9.30,34410.65899,29221.4907,8308.48,
Varzedo,2933174,varzedense,ARIECILIO BAHIA DA SILVA,221.399,8785,40.16,97.9,0.586,15.75,21286.11036,18952.7776,11320.10,
Vera Cruz,2933208,vera-cruzense,MARCUS VINICIUS MARQUES GIL,297.537,43716,125.33,99.3,0.645,10.27,93296.97541,85706.23095,12650.04,
Vereda,2933257,veredense,MANRICK GREGORIO PRATES TEIXEIRA,782.159,6153,7.78,98.1,0.577,22.22,20048.80741,20101.87464,11485.52,
Vit&oacute;ria da Conquista,2933307,conquistense,HERZEM GUSM&Atilde;O PEREIRA,3254.186,341128,91.41,96.8,0.678,14.80,637789.54234,605294.52538,20761.05,
Wagner,2933406,wagnense,ELTER SILVA BASTOS,522.370,9344,21.34,96.6,0.587,24.00,19836.47727,17875.65457,7355.48,
Wanderley,2933455,wanderleiense,FERNANDA SILVA S&Aacute; TELES,2920.579,12180,4.22,96.1,0.600,17.14,33377.36549,31038.25383,10371.85,
Wenceslau Guimar&atilde;es,2933505,wenceslau-guimar&atilde;ense,CARLOS ALBERTO LIOTERIO DOS SANTOS,655.057,20978,32.92,94.6,0.544,25.91,55976.0025,50962.53159,11512.21,
Xique-Xique,2933604,xiquexiquense,REINALDO TEIXEIRA BRAGA FILHO,5079.662,46523,8.28,96.9,0.585,22.78,103379.3268,102019.4013,8442.06,

<table class="fontes-container"><tr><th>Notas:</th></tr><tr><td>Escolariza&ccedil;&atilde;o <span>6 a 14 anos</span>: [popula&ccedil;&atilde;o residente no munic&iacute;pio de 6 a 14 anos de idade matriculada no ensino regular/total de popula&ccedil;&atilde;o residente no munic&iacute;pio de 6 a 14 anos de idade] x 100</td></tr><tr><td>Populao estimada: Para 'dvidas e contestaes' <a href='https://www.ibge.gov.br/estatisticas/sociais/populacao/9103-estimativas-de-populacao.html'>clique aqui</a></td></tr><tr><th>Fontes:</th></tr><tr><td>rea Territorial: &Aacute;rea territorial brasileira. Rio de Janeiro: IBGE, 2018</td></tr><tr><td>Populao estimada: IBGE, Diretoria de Pesquisas, Coordena&ccedil;&atilde;o de Popula&ccedil;&atilde;o e Indicadores Sociais, Estimativas da popula&ccedil;&atilde;o residente com data de refer&ecirc;ncia 1o de julho de 2019</td></tr><tr><td>Densidade demogr&aacute;fica: IBGE, Censo Demogr&aacute;fico 2010, &Aacute;rea territorial brasileira. Rio de Janeiro: IBGE, 2011</td></tr><tr><td>Escolariza&ccedil;&atilde;o <span>6 a 14 anos</span>: IBGE, Censo Demogr&aacute;fico 2010</td></tr><tr><td>IDHM <span>&Iacute;ndice de desenvolvimento humano municipal</span>: Programa das Na&ccedil;&otilde;es Unidas para o Desenvolvimento - PNUD</td></tr><tr><td>Mortalidade infantil: Minist&eacute;rio da Sa&uacute;de, Departamento de Inform&aacute;tica do Sistema &Uacute;nico de Sa&uacute;de - DATASUS 2017</td></tr><tr><td>Receitas realizadas: Contas anuais. Receitas or&ccedil;ament&aacute;rias realizadas (Anexo I-C) 2017 e Despesas or&ccedil;ament&aacute;rias empenhadas (Anexo I-D) 2017. In: Brasil. Secretaria do Tesouro Nacional, Siconfi: Sistema de Informa&ccedil;&otilde;es Cont&aacute;beis e Fiscais do Setor P&uacute;blico Brasileiro. Bras&iacute;lia, DF, [2018]. Dispon&iacute;vel em: https://siconfi.tesouro.gov.br/siconfi/pages/public/consulta_finbra/finbra_list.jsf. Acesso em: set. 2018</td></tr><tr><td>Despesas empenhadas: Contas anuais. Receitas or&ccedil;ament&aacute;rias realizadas (Anexo I-C) 2017 e Despesas or&ccedil;ament&aacute;rias empenhadas (Anexo I-D) 2017. In: Brasil. Secretaria do Tesouro Nacional, Siconfi: Sistema de Informa&ccedil;&otilde;es Cont&aacute;beis e Fiscais do Setor P&uacute;blico Brasileiro. Bras&iacute;lia, DF, [2018]. Dispon&iacute;vel em: https://siconfi.tesouro.gov.br/siconfi/pages/public/consulta_finbra/finbra_list.jsf. Acesso em: set. 2018</td></tr><tr><td>PIB per capita: IBGE, em parceria com os &Oacute;rg&atilde;os Estaduais de Estat&iacute;stica, Secretarias Estaduais de Governo e Superintend&ecirc;ncia da Zona Franca de Manaus - SUFRAMA</td></tr></table>