Goi&aacute;s | Todos os Munic&iacute;pios
Munic&iacute;pio [-],C&oacute;digo [-],Gent&iacute;lico [-],Prefeito [2021],&Aacute;rea Territorial - km&sup2; [2020],Popula&ccedil;&atilde;o estimada - pessoas [2020],Densidade demogr&aacute;fica - hab/km&sup2; [2010],Escolariza&ccedil;&atilde;o &lt;span&gt;6 a 14 anos&lt;/span&gt; - % [2010],IDHM &lt;span&gt;&Iacute;ndice de desenvolvimento humano municipal&lt;/span&gt; [2010],Mortalidade infantil - &oacute;bitos por mil nascidos vivos [2017],Receitas realizadas - R$ (&times;1000) [2017],Despesas empenhadas - R$ (&times;1000) [2017],PIB per capita - R$ [2018],
Abadia de Goi&aacute;s,5200050,abadiense,WANDER SARAIVA DE CARVALHO,147.256,8958,46.85,97.2,0.708,20.41,35644.53804,30190.8877,26505.89,
Abadi&acirc;nia,5200100,abadianense,JOS&Eacute; APARECIDO ALVES DINIZ,1045.127,20461,15.08,94.3,0.689,19.61,45743.81048,40518.07995,16132.95,
Acre&uacute;na,5200134,acreunense,CLAUDIOMAR CONTIN PORTUGAL,1565.997,22546,12.95,97.1,0.686,14.76,69963.05917,64395.62778,30271.32,
Adel&acirc;ndia,5200159,adelandense,EDSON VIEIRA DE PAULA,115.353,2516,21.47,100,0.702,27.78,12780.34678,11340.786,14518.75,
&Aacute;gua Fria de Goi&aacute;s,5200175,&aacute;gua-friense,JOS&Eacute; EDUARDO OLIVEIRA NETO,2029.416,5793,2.51,97.4,0.671,18.18,18592.62308,17048.44293,45025.66,
&Aacute;gua Limpa,5200209,&aacute;gua-limpense,JOS&Eacute; CARLOS GUIMAR&Atilde;ES FILHO,452.858,1830,4.45,97.4,0.722,45.45,15934.6702,13860.20279,24235.65,
&Aacute;guas Lindas de Goi&aacute;s,5200258,&aacute;guas lindense,LUCAS DE CARVALHO ANTONIETTI,192.392,217698,846.02,96.6,0.686,12.46,318867.71233,261959.13942,9100.34,
Alex&acirc;nia,5200308,alexaniense,ALLYSSON SILVA LIMA,847.893,28010,28.09,97,0.682,11.44,73422.68484,67957.2004,29731.85,
Alo&acirc;ndia,5200506,aloandense,RENATO BATISTA DA SILVA,102.160,1986,20.08,98.1,0.697,-,13201.27554,10952.0547,20868.27,
Alto Horizonte,5200555,alto horizontino,LUIZ BORGES DA CRUZ,503.764,6605,8.94,97,0.719,20.83,69116.92295,54918.72124,146833.35,
Alto Para&iacute;so de Goi&aacute;s,5200605,alto-paraisense,MARCUS ADILSON RINCO,2593.904,7688,2.65,98,0.713,6.90,28163.12745,24889.05869,22173.34,
Alvorada do Norte,5200803,alvoradense,IOLANDA HOLICENI MOREIRA DOS SANTOS,1259.366,8705,6.42,98,0.660,22.06,29941.35374,25461.49669,14929.92,
Amaralina,5200829,amaralinense,DASIO MARQUES FERREIRA,1343.237,3845,2.56,92.2,0.609,95.24,16252.58399,14383.88094,15905.91,
Americano do Brasil,5200852,americanense-do-Brasil,MORETSON DA SILVA BORGES,133.563,6164,41.24,97.4,0.700,35.71,14738.77499,13424.40813,11153.21,
Amorin&oacute;polis,5200902,amorinopolense,GUSTAVO SILVA DE OLIVEIRA,408.525,3069,8.83,98.4,0.681,66.67,13814.4434,12717.50524,19074.18,
An&aacute;polis,5201108,anapolino,ROBERTO NAVES E SIQUEIRA,934.146,391772,358.58,96.3,0.737,12.42,1023805.91977,1030856.11056,37277.10,
Anhanguera,5201207,anhanguerino,MARCELO MARTINS DE PAIVA,55.559,1160,17.91,100,0.725,76.92,12037.81074,11096.04417,15725.24,
Anicuns,5201306,anicuense,PAULO CESAR JOSE DO NASCIMENTO,975.331,21981,20.67,98.4,0.714,10.20,73589.95641,50672.12445,17820.94,
Aparecida de Goi&acirc;nia,5201405,aparecidense,GUSTAVO MENDANHA MELO,278.539,590146,1580.27,95.3,0.718,15.45,1074025.74531,903381.9826,23439.72,
Aparecida do Rio Doce,5201454,riodocense,EDY CARLOS GON&Ccedil;ALVES,602.133,2474,4.03,93.3,0.693,51.28,19127.66933,18960.881,30113.11,
Apor&eacute;,5201504,aporeano,RENATO SIROTTO CARVALHO,2900.820,4232,1.31,99.1,0.693,61.54,30816.71296,27852.47774,76880.47,
Ara&ccedil;u,5201603,ara&ccedil;uense,MILTON LEMES DE PAULA,149.371,3486,25.53,99,0.693,17.54,14893.57757,12680.21201,15008.13,
Aragar&ccedil;as,5201702,aragarcense,RICARDO GALV&Atilde;O DE SOUSA,664.530,20273,27.61,98.3,0.732,16.46,37360.04907,32630.07277,12266.97,
Aragoi&acirc;nia,5201801,aragoianense,JOSE GARCIA DE SOUZA,218.661,10496,38.10,98,0.684,7.87,26718.64341,24529.41229,10709.31,
Araguapaz,5202155,araguapaense,GABRIEL FORNIELES MOREIRA,2193.700,7783,3.42,97.8,0.674,21.74,21196.22081,19087.9606,15545.86,
Aren&oacute;polis,5202353,arenopolino,DELMIRO DE OLIVEIRA CANO,1074.595,2536,3.05,100,0.687,25.64,15422.35179,13911.34783,52959.77,
Aruan&atilde;,5202502,aruanense,HERMANO DE CARVALHO,3055.292,10110,2.46,97.5,0.675,25.00,30834.56862,25799.19592,22990.62,
Auril&acirc;ndia,5202601,aurilandense,MARIA APARECIDA MAGALHAES FURTADO MACEDO,564.836,3058,6.46,97.5,0.700,27.03,15499.30472,13954.3068,17869.17,
Avelin&oacute;polis,5202809,avelinopense,ADRIANO DE ARA&Uacute;JO,168.748,2409,14.11,97.9,0.660,55.56,13912.11202,11808.83597,18324.83,
Baliza,5203104,balizense,FERNANDA NOLASCO VANDERLEY OLIVEIRA,1784.844,5280,2.08,98.6,0.655,32.26,17210.45043,14545.0844,15565.77,
Barro Alto,5203203,barro-altense,&Agrave;LVARO MACHADO DE FREITAS,1093.248,11408,7.97,99,0.742,14.18,72452.18,59240.08559,84166.32,
Bela Vista de Goi&aacute;s,5203302,bela-vistense,N&Aacute;RCIA KELLY ALVES DA SILVA,1275.849,30492,19.56,98.3,0.716,19.52,86393.60111,70653.03762,32975.87,
Bom Jardim de Goi&aacute;s,5203401,bom-jardinense,ODAIR SIVIRINO LEONEL,1899.506,8869,4.43,98.1,0.670,30.30,22709.94019,20149.34253,19075.41,
Bom Jesus de Goi&aacute;s,5203500,bom-jesuense,ADAIR HENRIQUES DA SILVA,1405.028,25648,14.75,98.4,0.701,28.33,73377.5673,64617.64484,30150.18,
Bonfin&oacute;polis,5203559,bonfinopolino,KELTON PINHEIRO,123.427,9919,61.62,98.8,0.683,17.70,24536.91,17835.3908,9177.64,
Bon&oacute;polis,5203575,bonopolino,DEOCLECIANO ARAUJO DE LIRA,1628.486,4493,2.15,98.1,0.630,27.03,17951.60413,14709.24839,22148.62,
Brazabrantes,5203609,brazabrantino,JOS&Eacute; TOM&Eacute; CORREIA FILHO,123.072,3746,26.26,99.2,0.701,36.36,14759.27793,13235.59474,29765.08,
Brit&acirc;nia,5203807,britaniense,MARCONNI PIMENTA DA SILVA,1463.006,5797,3.77,97.6,0.672,11.49,19559.58609,19161.63681,19623.88,
Buriti Alegre,5203906,buriti-alegrense,ANDRE DE SOUSA CHAVES,895.456,9484,10.11,96.9,0.710,27.40,32074.18418,28123.91955,32990.66,
Buriti de Goi&aacute;s,5203939,buritiense,&Aacute;TILA R&Uacute;BIA DE DEUS,200.418,2476,12.85,99.4,0.687,40.00,17388.40977,13327.08416,15223.23,
Buritin&oacute;polis,5203962,buritinopolense,ANA PAULA SOARES DOURADO,247.047,3283,13.44,98.7,0.704,25.00,15817.31403,14512.07849,22850.39,
Cabeceiras,5204003,cabeceirense,EVERTON FRANCISCO DE MATOS,1125.926,8046,6.52,96.4,0.668,20.00,20845.41385,19154.69182,27593.60,
Cachoeira Alta,5204102,cachoeira-altense,RODRIGO MIRANDA MENDON&Ccedil;A,1654.554,12666,6.38,98,0.710,14.29,35319.35061,33587.46256,19218.58,
Cachoeira de Goi&aacute;s,5204201,cachoeirense,GERALDO ANT&Ocirc;NIO NETO,422.751,1342,3.35,100,0.727,100.00,12269.89874,10414.87852,20101.90,
Cachoeira Dourada,5204250,cachoeirense-do-sul,RODRIGO RODRIGUES ALMEIDA,528.189,8031,15.84,98.8,0.698,10.53,54504.40839,48741.06561,110271.88,
Ca&ccedil;u,5204300,ca&ccedil;uense,ANA CLAUDIA LEMOS OLIVEIRA,2251.607,16270,5.90,98.7,0.730,17.75,64607.71671,57664.49092,57726.80,
Caiap&ocirc;nia,5204409,caiaponiense,ARGEMIRO RODRIGUES SANTOS NETO,8635.129,19107,1.94,97.2,0.693,9.39,53434.25777,45430.20004,35926.99,
Caldas Novas,5204508,calda-novense,KLEBER LUIZ MARRA,1608.439,93196,44.16,97.3,0.733,12.44,256050.46736,246501.15303,28676.21,
Caldazinha,5204557,caldazinhense,SOLANGE MARIA GOUVEIA CASTRO,249.691,3848,13.25,93.3,0.685,23.26,14178.97745,12820.47688,13477.44,
Campestre de Goi&aacute;s,5204607,campestrino,FABIANO QUEIROZ CAPUZZO,273.815,3649,12.37,97.7,0.653,29.41,14697.20967,12279.7235,16034.83,
Campina&ccedil;u,5204656,campina&ccedil;uense,DOUGLAS ADYEL RIBEIRO DE FARIA,1974.375,3632,1.85,93.5,0.631,52.63,17305.12283,8753.94581,16908.67,
Campinorte,5204706,campinortense,CLEOMAR MARTINS DE ARA&Uacute;JO,1067.191,12764,10.41,99.1,0.688,13.51,28027.39206,24272.58721,18132.18,
Campo Alegre de Goi&aacute;s,5204805,campo-alegrense,JOS&Eacute; ANTONIO NETO SIQUEIRA,2462.567,7738,2.46,98.7,0.694,28.17,37518.14102,30796.18678,55469.10,
Campo Limpo de Goi&aacute;s,5204854,campolimpense,GRACIELE MARTA DO NASCIMENTO,159.557,7940,39.11,97.2,0.661,6.94,18983.79408,17099.15657,13282.60,
Campos Belos,5204904,campo-belense,PABLO GEOVANNI MOREIRA BATISTA,734.802,20007,25.43,99.4,0.692,18.13,49292.31221,44316.77979,13597.96,
Campos Verdes,5204953,campo-verdense,HAROLDO NAVES SOARES,441.645,1830,11.37,97,0.654,16.67,18443.69178,14146.70935,18196.20,
Carmo do Rio Verde,5205000,carmo-rio-verdino,GERALDO DOS REIS OLIVEIRA,418.544,10186,21.33,99.4,0.713,32.00,33632.666,23301.82311,25024.84,
Castel&acirc;ndia,5205059,castelandense,MARCOS ANTONIO CARLOS,297.977,3407,12.23,92.8,0.701,29.41,17336.40638,14480.07305,29263.92,
Catal&atilde;o,5205109,catalano,ADIB ELIAS JUNIOR,3820.295,110983,22.67,97.1,0.766,9.47,410029.29072,322085.26293,57291.37,
Catura&iacute;,5205208,caturaiense,DIVINA APARECIDA ZAGO SOUSA,205.078,5101,22.61,98,0.664,16.39,17190.8491,14552.93691,13552.58,
Cavalcante,5205307,cavalcantense,VILMAR SOUZA COSTA,6956.082,9725,1.35,92.9,0.584,21.43,27958.72907,28408.7381,26121.71,
Ceres,5205406,ceresino,EDMARIO DE CASTRO BARBOSA,214.322,22306,96.69,99.3,0.775,3.39,88715.9101,79890.4842,24893.60,
Cezarina,5205455,cezarinense,VALTENIR GON&Ccedil;ALVES DA SILVA,415.811,8703,18.15,97.8,0.711,9.35,31692.18771,28972.8547,33748.23,
Chapad&atilde;o do C&eacute;u,5205471,chapadense,EDUARDO PAGNONCELLI PEIXOTO,2184.403,10486,3.20,93.3,0.742,20.30,77308.95618,64106.70635,112383.68,
Cidade Ocidental,5205497,ocidentalense,F&Aacute;BIO CORREA DE OLIVEIRA,390.959,72890,143.38,97.2,0.717,4.55,133844.75402,116762.11328,11394.02,
Cocalzinho de Goi&aacute;s,5205513,cocalzinhense,ALAIR RABELO NETO,1789.039,20504,9.73,95.2,0.657,18.69,55933.25739,48610.34294,16327.17,
Colinas do Sul,5205521,colinense,FERNANDO PAULINO DA SILVA,1708.188,3360,2.06,95.2,0.658,20.41,18726.79448,17131.5278,13309.11,
C&oacute;rrego do Ouro,5205703,corregorino,MURILO CESAR DA SILVA,455.976,2290,5.69,97.2,0.686,75.00,15095.79596,12939.17589,19360.57,
Corumb&aacute; de Goi&aacute;s,5205802,corumbaense,FRANCISCO ALESSANDRO FERNANDES,1061.955,11169,9.76,96.6,0.680,11.36,30837.58,26925.20475,15791.45,
Corumba&iacute;ba,5205901,corumbaibense,SEBASTI&Atilde;O RODRIGUES GOMES FILHO,1884.880,9869,4.34,95.5,0.698,10.20,45987.99031,39302.60273,61514.71,
Cristalina,5206206,cristalinense,DANIEL SABINO VAZ,6163.922,60210,7.56,95.6,0.699,7.70,65346.57405,156584.74526,40300.93,
Cristian&oacute;polis,5206305,cristianopolino,JULIANA IZABEL DE PAULA COSTA,225.359,2964,13.01,98.7,0.688,35.09,19141.94866,16994.52278,24729.39,
Crix&aacute;s,5206404,crixasense,CARLOS SEIXO DE BRITO JUNIOR,4661.171,17044,3.38,96.7,0.708,16.46,55896.73683,50983.71525,30961.64,
Crom&iacute;nia,5206503,crominiense,GILVANDER ALVES PEREIRA,364.105,3472,9.76,95.7,0.706,27.78,12953.37578,12904.64081,20076.04,
Cumari,5206602,cumarino,JO&Atilde;O BATISTA DAVI RIOS,570.725,2837,5.20,99.7,0.737,38.46,16794.7588,13610.99525,21094.22,
Damian&oacute;polis,5206701,damianopolino,ANDREIA LINS DEPOLLO,415.738,3306,7.93,100,0.654,47.62,15079.66361,12300.97625,10181.20,
Damol&acirc;ndia,5206800,damolandense,ROG&Eacute;RIO LABANCA NETO,84.495,2953,32.51,98.6,0.697,32.26,13522.52083,12519.44335,13596.77,
Davin&oacute;polis,5206909,davinopolino,DIOGO ROSA NUNES,482.191,2094,4.27,98.5,0.716,90.91,20059.2868,18659.2507,185551.06,
Diorama,5207105,dioramense,ALTAMIRO JOSE DE LIMA,687.348,2479,3.61,100,0.729,47.62,14488.63873,11601.75121,22146.88,
Doverl&acirc;ndia,5207253,doverlandense,GENILVA KATIA RODRIGUES DE ASSIS,3221.752,7247,2.45,96.4,0.668,15.15,29417.36089,22810.54514,32043.60,
Edealina,5207352,edealinense,DOLORES CRISTINA LEANDRO NEVES,603.654,3688,6.18,98.6,0.702,102.04,19387.72023,17933.86254,68034.48,
Ed&eacute;ia,5207402,edeiense,JOSE WAGNER NEVES DE ANDRADE,1461.503,12467,7.71,98.2,0.739,13.42,47367.91154,41146.82175,68132.84,
Estrela do Norte,5207501,estrela-nortense,EDMAR DE ASSIS SILVA,301.642,3264,11.01,97.8,0.707,22.22,15725.02562,13464.3501,15875.59,
Faina,5207535,fainense,PAULO ROBERTO VIEIRA,1945.658,6576,3.59,97.9,0.650,12.66,24521.30501,22397.52349,16118.76,
Fazenda Nova,5207600,fazenda-novense,MARCUS VINICIUS AZEREDO COSTA,1274.318,5553,4.93,88.5,0.685,20.41,19886.36,14265.19201,17760.31,
Firmin&oacute;polis,5207808,firminopolense,JOSE AIRTON DE OLIVEIRA,423.649,13449,27.33,98.1,0.732,20.20,28721.43284,26208.4864,13368.84,
Flores de Goi&aacute;s,5207907,florense,ALTRAN LOPES AVELAR NERY,3709.427,17005,3.25,96.6,0.597,26.09,29754.69676,27558.6547,8915.44,
Formosa,5208004,formosense,GUSTAVO MARQUES DE OLIVEIRA,5813.240,123684,17.22,96.6,0.744,5.45,239603.64852,224544.38103,19525.95,
Formoso,5208103,formosense,HALISON MACEDO DOS SANTOS,844.289,4172,5.78,96.8,0.715,18.52,16231.89559,14909.45459,15185.51,
Gameleira de Goi&aacute;s,5208152,gameleirense,WILSON TAVARES DE SOUSA JUNIOR,588.580,3880,5.53,99.5,0.659,29.41,19577.55008,17779.29159,40856.07,
Divin&oacute;polis de Goi&aacute;s,5208301,divinopolino,CHARLEY RODRIGUES TOLENTINO,830.971,4778,5.97,97.1,0.653,11.49,19354.36801,17513.18609,13140.08,
Goian&aacute;polis,5208400,goianapolino,JEOVA LEITE CARDOSO,169.013,11224,65.84,96.4,0.703,9.66,31393.54105,27021.06969,18676.56,
Goiandira,5208509,goiandirense,ALLISSON HENRIQUE BARBOSA PEIXOTO,568.789,5625,9.32,98.6,0.760,18.18,18642.80701,16014.21956,23327.05,
Goian&eacute;sia,5208608,goianesiense,LEONARDO SILVA MENEZES,1547.274,71075,38.49,98,0.727,12.75,171698.5432,147809.69826,20108.61,
Goi&acirc;nia,5208707,goianiense,ROG&Eacute;RIO CRUZ,728.841,1536097,1776.74,96.4,0.799,11.25,4526869.6741,4184020.44767,33004.01,
Goianira,5208806,goianirense,CARLOS ALBERTO ANDRADE OLIVEIRA,212.552,45296,162.94,97.6,0.694,9.89,106182.23149,82193.98103,21705.28,
Goi&aacute;s,5208905,goiano,ADERSON LIBERATO GOUVEA,3108.020,22381,7.96,98.2,0.709,21.43,77228.05746,74785.93658,20136.77,
Goiatuba,5209101,goiatubense,JOSE ALVES VIEIRA,2470.347,34202,13.13,96.9,0.725,6.96,150671.27313,130599.00491,45434.73,
Gouvel&acirc;ndia,5209150,gouvelandense,FAUSTO CAIADO BARBOSA,824.748,5988,6.00,98.8,0.674,62.50,30644.74836,22819.19962,30892.00,
Guap&oacute;,5209200,guapoense,COLEMAR CARDOSO DE QUEIROZ,517.255,14207,27.04,96.8,0.697,4.76,38273.867,40711.6985,14365.90,
Guara&iacute;ta,5209291,guaraitense,ADNA FERREIRA DE ALMEIDA MARTINS,205.307,1951,11.57,98.4,0.687,105.26,12155.34631,10398.00374,16237.18,
Guarani de Goi&aacute;s,5209408,guaraniense,JAN&Eacute;ZIO PEREIRA DA SILVA,1226.849,3846,3.46,97.2,0.637,32.26,18417.27741,17398.25688,13511.42,
Guarinos,5209457,guarinense,JOS&Eacute; ANT&Ocirc;NIO DA SILVA,595.866,1737,3.86,98.1,0.652,31.25,13924.71382,11960.14686,31723.17,
Heitora&iacute;,5209606,heitoraiense,LUCIO PIRES DOS SANTOS,229.638,3733,15.55,97,0.694,27.78,14783.8111,11679.54525,15197.10,
Hidrol&acirc;ndia,5209705,hidrolandense,JOS&Eacute; D&Eacute;LIO ALVES J&Uacute;NIOR,953.729,22124,18.43,97.1,0.706,20.00,59502.79396,57460.5614,53846.74,
Hidrolina,5209804,hidrolinense,ELI GON&Ccedil;ALVES SIQUEIRA,580.391,3508,6.94,98,0.677,25.64,13118.09258,13127.4502,15437.11,
Iaciara,5209903,iaciarense,HAICER SEBASTI&Atilde;O PEREIRA LIMA,1550.376,14082,8.02,97.2,0.644,12.58,32962.14266,26750.78317,11693.96,
Inaciol&acirc;ndia,5209937,inaciolandense,CL&Aacute;UDIO HENRIQUE CAIXETA,691.794,6235,8.28,98.4,0.692,14.71,27163.03911,23807.3364,34103.78,
Indiara,5209952,indiarense,DIVINO MARQUES DE SOUSA,956.475,15787,14.31,96.8,0.701,17.17,44431.29215,34023.42316,20639.49,
Inhumas,5210000,inhumense,JOAO ANTONIO FERREIRA,615.278,53259,78.68,98.4,0.720,13.25,123032.84311,97442.35522,21656.90,
Ipameri,5210109,ipamerino,JANIO PACHECO,4368.295,27174,5.66,97.4,0.701,17.19,88405.28314,85312.85419,55480.72,
Ipiranga de Goi&aacute;s,5210158,ipiranguense,ALEX DE QUEIROZ,241.289,2893,11.79,98.1,0.696,64.52,12960.44354,11100.25689,18459.91,
Ipor&aacute;,5210208,iporaense,NA&Ccedil;OITAN ARAUJO LEITE,1026.384,31499,30.47,98.4,0.743,9.01,81701.74969,70046.25826,20853.76,
Israel&acirc;ndia,5210307,israelandense,ADEL&Iacute;CIA MOURA DA COSTA,577.482,2786,5.00,99.5,0.711,40.00,15356.87077,11803.61358,17253.73,
Itabera&iacute;,5210406,itaberino,RITA DE CASSIA SOARES MENDON&Ccedil;A,1457.280,43622,24.27,97.5,0.719,5.10,95265.67448,91442.0514,30570.60,
Itaguari,5210562,itaguarino,ADELINO SOUZA AQUINO,146.638,4685,30.78,98.4,0.693,16.95,17887.56348,15296.08343,15083.78,
Itaguaru,5210604,itaguaruense,EDILSON FILGUEIRA DA SILVA,239.677,5206,22.68,99,0.718,44.44,18845.27714,16786.8057,14623.89,
Itaj&aacute;,5210802,itajaense,RENIS CESAR DE OLIVEIRA,2089.341,4475,2.42,98,0.691,25.64,26147.12309,22936.94444,21533.92,
Itapaci,5210901,itapacino,MARIO JOSE SALLES,956.125,23421,19.31,97.5,0.725,7.60,42761.85143,42467.91933,15211.06,
Itapirapu&atilde;,5211008,itapirapuano,ERIVALDO ALEXANDRE DA SILVA,2043.715,4685,3.83,98.1,0.677,8.40,23073.97988,20180.47606,26910.36,
Itapuranga,5211206,itapuranguense,GERALDO PAULO FERNANDES,1276.479,25681,20.47,99.2,0.726,8.88,59867.44878,54411.32853,16338.81,
Itarum&atilde;,5211305,itarumaense,RICARDO FRANCISCO GOULART,3436.628,7259,1.83,95.2,0.693,25.00,32994.4025,28295.25052,34553.26,
Itau&ccedil;u,5211404,itau&ccedil;uense,CLAYTON PEREIRA DE MELO,383.842,8960,22.34,95.7,0.718,13.89,21447.13758,21611.12658,15977.75,
Itumbiara,5211503,itumbiarense,DIONE JOS&Eacute; DE ARAUJO,2454.145,105809,37.71,97.9,0.752,11.02,332703.54196,300167.31422,40399.72,
Ivol&acirc;ndia,5211602,ivolandense,VALDESSON VIEIRA JUNIOR,1257.663,2334,2.12,97.1,0.704,40.00,19013.40449,16927.87914,35281.14,
Jandaia,5211701,jandaiense,MILENA PEREIRA LOPES MOURA,864.106,6025,7.13,99.6,0.707,13.51,27468.61998,25038.63324,40353.89,
Jaragu&aacute;,5211800,jaraguense,PAULO VITOR AVELAR,1849.552,51338,22.64,96.4,0.699,13.77,92663.88433,83928.67936,14196.30,
Jata&iacute;,5211909,jataiense,HUMBERTO DE FREITAS MACHADO,7174.219,102065,12.27,97.5,0.757,15.33,334242.82348,308398.15369,46149.26,
Jaupaci,5212006,jaupacino,LAERTE DOURADO DOS SANTOS,527.103,2860,5.69,100,0.689,29.41,13593.95044,12233.68652,17005.72,
Jes&uacute;polis,5212055,jesupolino,ADRIANO PEIXOTO OLIVEIRA,122.475,2506,18.78,92.5,0.649,45.45,13379.50491,11498.98814,11768.13,
Jovi&acirc;nia,5212105,jovianiense,RENIS EUSTAQUIO GON&Ccedil;ALVES,445.487,7402,15.98,96.8,0.706,12.05,27465.97663,25528.782,28514.59,
Jussara,5212204,jussariano,MARIA IDALI DA SILVA BONTEMPO,4085.363,18371,4.69,97.6,0.743,7.27,57416.19027,54289.35631,23958.80,
Lagoa Santa,5212253,lagoense,NUCIA KELLY DE FREITAS OLIVEIRA,457.869,1621,2.73,98.5,0.740,52.63,13979.98659,12487.63462,25332.18,
Leopoldo de Bulh&otilde;es,5212303,leopoldense,JO&Atilde;O ALECIO MENDES,472.650,7651,16.39,97.3,0.659,21.05,22748.26295,21482.21373,29507.17,
Luzi&acirc;nia,5212501,luzianiense,CRISTOVAO VAZ TORMIN,3961.100,211508,44.06,97,0.701,10.63,386450.51248,369433.08543,17452.11,
Mairipotaba,5212600,mairipotabense,CARLOS HENRIQUE RODRIGUES PEREIRA,467.428,2363,5.08,99.3,0.745,80.00,24132.64455,23362.17515,21190.14,
Mamba&iacute;,5212709,mambaiense,JOAQUIM BARBOSA FILHO,854.219,9081,7.80,96.4,0.626,16.26,21282.96208,17608.23416,9382.12,
Mara Rosa,5212808,mararrosense,FLAVIO DIVINO MAURICIO DE MOURA,1687.842,9363,6.31,98.3,0.691,16.00,24132.64455,23362.17515,19955.63,
Marzag&atilde;o,5212907,marzagonense,SOLIMAR CARDOSO DE SOUZA,222.428,2250,9.32,98.8,0.699,26.32,13350.46489,10258.26859,18871.43,
Matrinch&atilde;,5212956,matrinchaense,IV&Acirc;NIA ALVES FERNANDES PESSOA,1150.894,4336,3.84,97.9,0.679,22.22,19100.484,16687.96856,22459.69,
Mauril&acirc;ndia,5213004,maurilandense,EDJANE ALVES DE ALMEIDA,388.382,14327,29.56,97.5,0.677,45.75,27561.21427,24230.04419,16349.84,
Mimoso de Goi&aacute;s,5213053,mimosense,ROSANGELA ALVES DOS REIS,1386.915,2583,1.94,99.6,0.665,55.56,12151.25344,11945.84525,21907.95,
Mina&ccedil;u,5213087,mina&ccedil;uense,CARLOS ALBERTO LEREIA DA SILVA,2857.680,28793,10.89,98.6,0.707,16.13,110134.59161,98922.34554,35257.88,
Mineiros,5213103,mineirense,ALEOMAR DE OLIVEIRA REZENDE,9038.774,68154,5.84,97.3,0.718,13.21,264290.15345,222196.12902,39247.79,
Moipor&aacute;,5213400,moiporaense,WILSON JOSE FERREIRA,454.260,1501,3.83,99.6,0.696,200.00,10936.22605,10323.88071,22424.40,
Monte Alegre de Goi&aacute;s,5213509,monte-alegrense,FELIPI DE SOUSA CAMPOS,3120.551,8684,2.48,95.7,0.615,21.98,18036.98129,15772.50722,9645.06,
Montes Claros de Goi&aacute;s,5213707,montes-clarense,JOSE VILMAR MACIEL,2903.848,8047,2.75,99.6,0.707,17.39,30774.96495,28474.09993,36430.77,
Montividiu,5213756,montividiuense,EDSON BUENO COUTINHO,1869.724,13672,5.64,98.4,0.733,11.98,54974.45803,44322.15947,59493.64,
Montividiu do Norte,5213772,montividense,JACIRA MARTINS FERNANDES PAIVA,1339.864,4509,3.09,96.8,0.613,44.44,17171.37911,14560.63036,15681.89,
Morrinhos,5213806,morrinhense,JOAQUIM GUILHERME BARBOSA DE SOUZA,2846.199,46548,14.57,97.9,0.734,9.48,122103.24314,111624.55443,29977.58,
Morro Agudo de Goi&aacute;s,5213855,morro-agudense,ANATAIR ANTONIO SANTANA,282.616,2232,8.34,99.7,0.695,43.48,14687.1572,12693.61735,17210.79,
Moss&acirc;medes,5213905,mossamedino,C&Aacute;CIO MOREIRA ADORNO,684.452,4206,7.32,99.2,0.706,21.74,22497.32156,22066.79241,17887.82,
Mozarl&acirc;ndia,5214002,mozarlandense,VALTER ALEIXO,1734.364,15870,7.73,97.5,0.683,22.83,52246.62515,47513.71142,34244.05,
Mundo Novo,5214051,mundo-novense,MARLENE LOUREN&Ccedil;O,2146.651,4713,3.00,97.7,0.634,13.16,23450.88276,19920.77698,19101.38,
Mutun&oacute;polis,5214101,mutunopolino,LUIZ MARTINS DE OLIVEIRA,955.873,3764,4.03,98.7,0.680,15.15,17950.23683,16779.74872,16136.41,
Naz&aacute;rio,5214408,nazarinense,JO&Atilde;O BATISTA CARVALHO,281.793,9260,29.26,98.8,0.710,10.87,23743.11891,20899.01344,19632.43,
Ner&oacute;polis,5214507,neropolino,GIL TAVARES,204.217,30395,118.55,97.8,0.721,19.72,102901.18574,88123.75748,24914.11,
Niquel&acirc;ndia,5214606,niquelandense,FERNANDO CARNEIRO DA SILVA,9843.247,46730,4.30,97.8,0.715,8.68,113605.62152,118881.96004,24041.58,
Nova Am&eacute;rica,5214705,nova-americano,CLEBER JUNIO DE SOUZA,212.025,2357,10.65,99.4,0.678,30.30,15126.50,14023.95243,15979.94,
Nova Aurora,5214804,nova-aurorense,JOAO PIMENTA DE PADUA JUNIOR,303.515,2222,6.81,100,0.747,41.67,11985.032,10112.47938,22374.87,
Nova Crix&aacute;s,5214838,nova-crixaense,LAZARO VALDIVINO DA SILVA,7302.223,12945,1.63,96.7,0.643,18.29,55279.9089,43067.94032,27855.73,
Nova Gl&oacute;ria,5214861,nova-glorino,CARLOS LUIZ DE OLIVEIRA,412.953,8112,20.60,99.2,0.681,20.41,16063.40208,14253.34866,14322.96,
Nova Igua&ccedil;u de Goi&aacute;s,5214879,nova igua&ccedil;uense,JOSE RIBEIRO DE ARAUJO,628.444,2934,4.50,96.5,0.655,51.28,13408.22929,11939.55759,14067.94,
Nova Roma,5214903,nova-romano,ELEUSES RODRIGUES GONZAGA,2135.960,3236,1.63,97.9,0.634,27.03,17721.3141,15335.16033,13668.34,
Nova Veneza,5215009,nova-venezino,VALDEMAR BATISTA COSTA,123.377,10018,65.89,98,0.718,8.93,26015.07044,20753.51401,18864.15,
Novo Brasil,5215207,novo-brasilense,GABRIEL GOMES ALVES DE CASTRO,653.273,2843,5.41,98.7,0.699,20.41,15273.16958,13708.34089,18792.01,
Novo Gama,5215231,novo-gamense,CARLOS ALVES DOS SANTOS,194.586,117703,487.29,95.7,0.684,16.98,143800.24012,131809.71982,8403.19,
Novo Planalto,5215256,planaltense,EUDES RODRIGUES DE ARAUJO,1256.436,4544,3.18,91.4,0.658,31.25,17240.38263,14488.81269,23336.08,
Orizona,5215306,orizonense,FELIPE ANTONIO DIAS,1972.884,15725,7.25,99.2,0.715,10.42,45516.8274,42368.33311,33460.70,
Ouro Verde de Goi&aacute;s,5215405,ouro-verdense,RODRIGO PEREIRA FONSECA,208.769,3723,19.32,98.8,0.719,19.61,20372.93858,18346.9109,28877.50,
Ouvidor,5215504,ouvidorense,CEBIO MACHADO DO NASCIMENTO,413.767,6782,13.21,98.7,0.747,13.33,45861.91119,35501.79392,116335.53,
Padre Bernardo,5215603,padre-bernardense,JOSELEIDE L&Aacute;ZARO LUIZ DA SILVA,3142.396,34430,8.81,96.1,0.651,19.40,81273.60772,73692.00676,15252.08,
Palestina de Goi&aacute;s,5215652,palestinense,EDUARDO TALVANI DE LIMA COUTO,1320.687,3467,2.55,98.6,0.713,17.54,16033.08436,12239.93725,26532.88,
Palmeiras de Goi&aacute;s,5215702,palmeirense,VANDO VITOR ALVES,1539.692,29392,15.16,96.7,0.698,14.85,83292.22459,72939.11372,35536.88,
Palmelo,5215801,palmelino,RENATO DAMASIO RESENDE,58.959,2381,39.60,97.8,0.730,37.04,14472.8185,12657.8583,16427.87,
Palmin&oacute;polis,5215900,palminopolino,FRANC HELVIS VAZ,387.693,3582,9.17,99.6,0.722,23.26,19446.55455,17989.7185,40021.57,
Panam&aacute;,5216007,panamenho,JOSE WILLIAN COELHO DE PAULA,433.817,2603,6.18,98.9,0.686,38.46,14765.11105,12960.44089,33256.31,
Paranaiguara,5216304,paranaiguarense,JOSE CARLOS BARBOSA,1153.623,10140,7.89,98.9,0.711,9.62,28999.84083,27545.21416,18570.25,
Para&uacute;na,5216403,paraunense,PAULO JOSE MARTINS,3779.385,10980,2.87,98.8,0.672,6.06,60781.37729,53008.90538,81938.77,
Perol&acirc;ndia,5216452,perolandense,JHONATTA CORTEZ DA SILVA,1029.624,3143,2.87,99.2,0.676,26.32,26834.90214,23138.00588,107357.30,
Petrolina de Goi&aacute;s,5216809,petrolinense,TIAGO PACHECO DE JESUS,531.300,10261,19.35,98.3,0.712,12.82,27737.44105,21913.12574,14365.85,
Pilar de Goi&aacute;s,5216908,pilarense,TIAGO JAPIASSU BATISTA DO NASCIMENTO ANDRADE,906.643,2194,3.06,98.1,0.684,27.78,21505.76226,21567.89046,86653.88,
Piracanjuba,5217104,piracanjubense,CLAUDINEY ANTONIO MACHADO,2380.732,24548,9.99,97.8,0.721,24.49,75069.60661,69918.43201,32399.79,
Piranhas,5217203,piranhense,MARCO ROGERIO CANDIDO LEITE,2047.765,10272,5.50,98,0.721,8.00,36354.69307,32884.71646,36038.71,
Piren&oacute;polis,5217302,pirenopolino,JO&Atilde;O BATISTA CABRAL,2205.010,25064,10.43,97.8,0.693,10.68,53162.3634,43426.46362,18116.35,
Pires do Rio,5217401,piresino,MARIA APARECIDA MARASCO TOMAZINI,1073.360,31686,26.80,97.7,0.744,12.23,71572.28737,63285.9614,28705.53,
Planaltina,5217609,planaltinense,CRISTIOMARIO DE SOUSA MEDEIROS,2550.523,90640,32.10,96.4,0.669,11.14,169336.64405,151930.45698,12177.22,
Pontalina,5217708,pontalinense,EDSON GUIMARAES DE FARIA,1436.954,17860,11.91,92.3,0.687,4.83,46505.69347,41806.91795,27501.37,
Porangatu,5218003,porangatuense,VANUZA PRIMO DE ARAUJO VALADARES,4827.189,45633,8.79,98,0.727,1.77,161783.24893,112149.60063,20811.53,
Porteir&atilde;o,5218052,porteirense,JO&Atilde;O HENRIQUE SILVA,603.941,3931,5.54,94,0.684,20.83,23975.40916,18395.78246,49981.24,
Portel&acirc;ndia,5218102,portelandense,MARLY DAVID REZENDE RODRIGUES,556.576,4022,6.90,97.7,0.654,19.61,18159.27041,15244.60618,53969.18,
Posse,5218300,possense,HELDER SILVA BONFIM,2070.544,37414,15.52,95.7,0.659,5.57,80763.38791,72825.23428,13964.56,
Professor Jamil,5218391,jamilense,NEY FABIO DE NOVAES,349.419,3203,9.32,98.6,0.684,66.67,12794.29208,12245.49681,18188.23,
Quirin&oacute;polis,5218508,quirinopolino,ANDERSON DE PAULA SILVA,3789.084,50701,11.41,97.2,0.740,13.95,148441.62213,119142.31606,34104.01,
Rialma,5218607,rialmense,FREDERICO GON&Ccedil;ALVES VIDIGAL,268.466,10940,39.20,99.7,0.727,6.21,29114.90597,24127.67162,20226.15,
Rian&aacute;polis,5218706,rianapolino,GILBER ROQUE PEREIRA DE MIRANDA,159.255,4817,28.67,98.6,0.693,14.93,15970.58292,15226.53017,19676.46,
Rio Quente,5218789,rio-quentense,ANA PAULA LIMA DE OLIVEIRA,243.488,4612,12.94,99,0.731,17.24,35615.70985,30821.86361,74660.28,
Rio Verde,5218805,rio-verdense ou rio-verdino,PAULO FARIA DO VALE,8386.831,241518,21.05,97,0.754,10.98,884294.52009,801466.76216,41815.21,
Rubiataba,5218904,rubiatabense,WEBER SIVIRINO DA COSTA,748.264,19947,25.28,98.9,0.719,7.69,56040.09328,57425.52323,21818.48,
Sanclerl&acirc;ndia,5219001,sanclerlandense,ITAMAR LEAO DO AMARAL,509.213,7632,15.20,99.4,0.736,10.42,23396.93988,21500.2046,17778.85,
Santa B&aacute;rbara de Goi&aacute;s,5219100,santa-barbarense,WAGNER VAZ DA SILVA,138.234,6634,41.20,99.4,0.706,10.75,18982.12532,17525.11327,14457.28,
Santa Cruz de Goi&aacute;s,5219209,santa-cruzano,ANGELO NATAL DA PAZ,1108.963,2819,2.83,99.3,0.688,38.46,13700.10663,14262.32486,45475.47,
Santa F&eacute; de Goi&aacute;s,5219258,santa-feense,EDIMILSON ALVES DOS SANTOS,1169.167,5523,4.07,98.7,0.713,12.20,22888.56914,18038.40052,54502.53,
Santa Helena de Goi&aacute;s,5219308,santa-helenense,JOAO ALBERTO VIEIRA RODRIGUES,1141.389,38808,31.95,97.3,0.724,12.66,102609.30335,88658.78281,28545.12,
Santa Isabel,5219357,santa-isabelense,CASSIA SILVIA CAIXETA DOURADO,807.204,3815,4.57,97.2,0.683,24.39,16552.54459,14334.56867,19359.66,
Santa Rita do Araguaia,5219407,santa-ritense,CARLOS TADEU ROCHA VIEIRA,1355.782,8935,5.08,94.3,0.714,9.52,18343.98657,15808.28334,14721.54,
Santa Rita do Novo Destino,5219456,santaritense,ROBERTO JO&Atilde;O DE OLIVEIRA,956.041,3355,3.32,95.5,0.634,74.07,14696.17683,12881.54236,25329.18,
Santa Rosa de Goi&aacute;s,5219506,santa-rosense,ULISSES ALVES DE BRITO,164.097,2252,17.73,98.2,0.701,76.92,15015.31053,14095.62142,17228.24,
Santa Tereza de Goi&aacute;s,5219605,santerezino,EDSON PALMEIRAS DOS SANTOS,794.556,3280,5.03,95.1,0.665,30.30,15115.41235,14371.42474,17646.87,
Santa Terezinha de Goi&aacute;s,5219704,terezinhense,KARLA CRISTINA MOREIRA ALVES,1202.246,8562,8.57,95.8,0.701,14.93,24523.93587,22606.32421,14529.38,
Santo Ant&ocirc;nio da Barra,5219712,santatoniense,JOSE CANDIDO DO NASCIMENTO,451.598,4854,9.79,96,0.691,20.83,22113.17487,18064.86634,47390.34,
Santo Ant&ocirc;nio de Goi&aacute;s,5219738,santoantoniense,KLEBER COSME DE FREITAS,132.805,6440,35.41,97.1,0.723,26.67,23916.93087,20387.73178,21479.83,
Santo Ant&ocirc;nio do Descoberto,5219753,descobertense,ALEANDRO OLIVIO CALDATO,945.650,75829,66.99,96.9,0.665,16.10,121004.95253,121025.33471,9129.07,
S&atilde;o Domingos,5219803,dominicano,CLEITON GON&Ccedil;ALVES MARTINS,3334.497,13103,3.42,96.7,0.597,23.81,31682.55324,27082.09046,12549.70,
S&atilde;o Francisco de Goi&aacute;s,5219902,franciscano,CLEUTON GOMES DE MOURA,415.791,6267,14.72,96.4,0.651,25.97,18235.07145,16019.45708,16380.33,
S&atilde;o Jo&atilde;o d'Alian&ccedil;a,5220009,s&atilde;o-joanense,D&Eacute;BORA DOMINGUES CARVALH&Ecirc;DO BARROS,3327.379,14085,3.08,96,0.685,48.61,54751.50,29872.6511,21887.06,
S&atilde;o Jo&atilde;o da Para&uacute;na,5220058,joanino,UBIRAJARA ANT&Ocirc;NIO DUARTE JUNIOR,287.825,1345,5.87,98.3,0.724,50.00,14151.8783,12503.72126,36905.67,
S&atilde;o Lu&iacute;s de Montes Belos,5220108,monte-belense,ELDEC&Iacute;RIO DA SILVA,829.463,34157,36.36,99.3,0.731,11.21,90063.83625,79679.44477,25255.70,
S&atilde;o Luiz do Norte,5220157,s&atilde;o-luizense,ELIEUDES DIAS DE MORAES,586.057,5215,7.88,98.7,0.669,25.97,22697.28094,18298.08308,23725.80,
S&atilde;o Miguel do Araguaia,5220207,s&atilde;o-miguelense,AZAIDE DONIZETTI BORGES MARTINS,6154.228,21920,3.63,96.6,0.664,3.18,67533.26898,69649.77578,21981.46,
S&atilde;o Miguel do Passa Quatro,5220264,passa-quatrense,GILMAR PEREIRA DE SOUZA,537.785,4082,6.99,98.1,0.697,58.82,18652.02139,15136.46044,36170.07,
S&atilde;o Patr&iacute;cio,5220280,sampatriciense,DANILO MAX DE SOUZA COSTA,171.957,2037,11.58,98.6,0.693,-,15143.11888,11991.66492,17267.36,
S&atilde;o Sim&atilde;o,5220405,canalense,FRANCISCO DE ASSIS PEIXOTO,415.907,20985,41.27,97.3,0.720,17.73,102819.49099,85732.29161,38132.31,
Senador Canedo,5220454,canedense,FERNANDO PELLOZO,248.291,118451,344.27,96.8,0.701,10.12,459400.54381,387549.67884,33324.44,
Serran&oacute;polis,5220504,serranopolino,TARCIO DUTRA,5526.723,8642,1.35,97.1,0.681,12.35,34593.11345,34900.8662,48460.12,
Silv&acirc;nia,5220603,silvaniense,GERALDO LUIZ SANTANA,2348.990,20816,8.14,97.4,0.709,21.19,58264.37729,57558.15893,35836.95,
Simol&acirc;ndia,5220686,simolandense,ILDETE GOMES FERREIRA,347.976,6879,18.72,97.5,0.645,27.78,19095.36728,16250.97387,15144.94,
S&iacute;tio d'Abadia,5220702,sitiense,WEBER REIS LACERDA,1610.806,3001,1.77,97.6,0.617,45.45,15779.00006,11872.18224,16273.20,
Taquaral de Goi&aacute;s,5221007,taquaralense,HELIO GONTIJO DE OLIVEIRA,204.218,3521,17.34,98.4,0.716,26.32,16473.22308,13549.21347,18072.33,
Teresina de Goi&aacute;s,5221080,teresinense,KLEVERTON BARBOSA DE MELLO,774.639,3498,3.89,97.2,0.661,41.67,14749.49349,13497.66128,9501.98,
Terez&oacute;polis de Goi&aacute;s,5221197,terezopolino,UILTON PEREIRA DOS SANTOS,106.913,8186,61.37,98.4,0.685,30.53,23858.51389,21050.12775,25325.44,
Tr&ecirc;s Ranchos,5221304,triranchense,HUGO DELEON DE CARVALHO COSTA,281.893,2830,9.99,100,0.745,45.45,18794.27599,16600.1645,17452.81,
Trindade,5221403,trindadense,MARDEN GABRIEL ALVES DE AGUIAR JUNIOR,710.328,129823,147.02,96.4,0.699,6.11,217742.66521,177346.79616,17166.28,
Trombas,5221452,trombense,DELVAIR RAMOS MARINHO,799.125,3498,4.32,97.1,0.653,28.57,16117.72522,14285.54934,14779.71,
Turv&acirc;nia,5221502,turvaniense,FAUSTO MARIANO GON&Ccedil;ALVES,478.836,4564,10.06,97.6,0.697,36.36,12719.95651,15087.32368,18363.80,
Turvel&acirc;ndia,5221551,turvelandense,SIRON QUEIROZ DOS SANTOS,935.272,5365,4.71,98.1,0.691,13.16,33861.95067,27503.90207,67649.89,
Uirapuru,5221577,uirapuruense,ELIVAN RIBEIRO DOS SANTOS,1153.475,2840,2.54,97.7,0.670,50.00,13600.22567,13235.02211,15234.45,
Urua&ccedil;u,5221601,urua&ccedil;uense,VALMIR PEDRO TEREZA,2141.824,40840,17.24,95.6,0.737,8.50,88886.35049,82794.81802,21020.02,
Uruana,5221700,uruanense,NEI DOS REIS CRUZ,522.506,13818,26.46,94.9,0.703,6.54,33149.88085,29689.38798,15276.64,
Uruta&iacute;,5221809,uruta&iacute;no,AILTON MARTINS DE OLIVEIRA,626.722,3066,4.90,97.3,0.732,45.45,16027.18166,15952.15574,28373.21,
Valpara&iacute;so de Goi&aacute;s,5221858,valparaisense,P&Aacute;BIO CORREIA LOPES,60.950,172135,2165.48,96.8,0.746,10.90,331983.7696,285683.37097,15538.72,
Varj&atilde;o,5221908,varj&atilde;oense,RAFAEL PEREIRA MACHADO FRANCO,519.194,3838,7.05,97.9,0.687,48.78,15937.37358,13251.4306,17334.13,
Vian&oacute;polis,5222005,vianopolino,SAMUEL DOS REIS COTRIM,954.284,13977,13.15,98.6,0.712,5.10,45423.47574,44429.5618,32025.46,
Vicentin&oacute;polis,5222054,vicentinopolino,NEILTON FERREIRA DE OZEDA,737.255,8873,10.00,99.1,0.684,18.87,35433.16261,29294.84421,37435.76,
Vila Boa,5222203,vilaboense,RUBENS FRANCISCO LOPES,1060.172,6312,4.47,96,0.647,65.57,19158.83742,19158.83742,17160.33,
Vila Prop&iacute;cio,5222302,propiciense,WALDILEI JOSE DE LEMOS,2181.583,5882,2.36,96.9,0.634,45.45,20688.29806,19046.56296,28444.32,

<table class="fontes-container"><tr><th>Notas:</th></tr><tr><td>Escolariza&ccedil;&atilde;o <span>6 a 14 anos</span>: [popula&ccedil;&atilde;o residente no munic&iacute;pio de 6 a 14 anos de idade matriculada no ensino regular/total de popula&ccedil;&atilde;o residente no munic&iacute;pio de 6 a 14 anos de idade] x 100</td></tr><tr><td>População estimada: Para 'dúvidas e contestações' <a href='https://www.ibge.gov.br/estatisticas/sociais/populacao/9103-estimativas-de-populacao.html'>clique aqui</a></td></tr><tr><th>Fontes:</th></tr><tr><td>Área Territorial: &Aacute;rea territorial brasileira. Rio de Janeiro: IBGE, 2018</td></tr><tr><td>População estimada: IBGE, Diretoria de Pesquisas, Coordena&ccedil;&atilde;o de Popula&ccedil;&atilde;o e Indicadores Sociais, Estimativas da popula&ccedil;&atilde;o residente com data de refer&ecirc;ncia 1o de julho de 2019</td></tr><tr><td>Densidade demogr&aacute;fica: IBGE, Censo Demogr&aacute;fico 2010, &Aacute;rea territorial brasileira. Rio de Janeiro: IBGE, 2011</td></tr><tr><td>Escolariza&ccedil;&atilde;o <span>6 a 14 anos</span>: IBGE, Censo Demogr&aacute;fico 2010</td></tr><tr><td>IDHM <span>&Iacute;ndice de desenvolvimento humano municipal</span>: Programa das Na&ccedil;&otilde;es Unidas para o Desenvolvimento - PNUD</td></tr><tr><td>Mortalidade infantil: Minist&eacute;rio da Sa&uacute;de, Departamento de Inform&aacute;tica do Sistema &Uacute;nico de Sa&uacute;de - DATASUS 2017</td></tr><tr><td>Receitas realizadas: Contas anuais. Receitas or&ccedil;ament&aacute;rias realizadas (Anexo I-C) 2017 e Despesas or&ccedil;ament&aacute;rias empenhadas (Anexo I-D) 2017. In: Brasil. Secretaria do Tesouro Nacional, Siconfi: Sistema de Informa&ccedil;&otilde;es Cont&aacute;beis e Fiscais do Setor P&uacute;blico Brasileiro. Bras&iacute;lia, DF, [2018]. Dispon&iacute;vel em: https://siconfi.tesouro.gov.br/siconfi/pages/public/consulta_finbra/finbra_list.jsf. Acesso em: set. 2018</td></tr><tr><td>Despesas empenhadas: Contas anuais. Receitas or&ccedil;ament&aacute;rias realizadas (Anexo I-C) 2017 e Despesas or&ccedil;ament&aacute;rias empenhadas (Anexo I-D) 2017. In: Brasil. Secretaria do Tesouro Nacional, Siconfi: Sistema de Informa&ccedil;&otilde;es Cont&aacute;beis e Fiscais do Setor P&uacute;blico Brasileiro. Bras&iacute;lia, DF, [2018]. Dispon&iacute;vel em: https://siconfi.tesouro.gov.br/siconfi/pages/public/consulta_finbra/finbra_list.jsf. Acesso em: set. 2018</td></tr><tr><td>PIB per capita: IBGE, em parceria com os &Oacute;rg&atilde;os Estaduais de Estat&iacute;stica, Secretarias Estaduais de Governo e Superintend&ecirc;ncia da Zona Franca de Manaus - SUFRAMA</td></tr></table>