Paran&aacute; | Todos os Munic&iacute;pios
Munic&iacute;pio [-],C&oacute;digo [-],Gent&iacute;lico [-],Prefeito [2021],&Aacute;rea Territorial - km&sup2; [2020],Popula&ccedil;&atilde;o estimada - pessoas [2020],Densidade demogr&aacute;fica - hab/km&sup2; [2010],Escolariza&ccedil;&atilde;o &lt;span&gt;6 a 14 anos&lt;/span&gt; - % [2010],IDHM &lt;span&gt;&Iacute;ndice de desenvolvimento humano municipal&lt;/span&gt; [2010],Mortalidade infantil - &oacute;bitos por mil nascidos vivos [2017],Receitas realizadas - R$ (&times;1000) [2017],Despesas empenhadas - R$ (&times;1000) [2017],PIB per capita - R$ [2018],
Abati&aacute;,4100103,abatiense,NELSON GARCIA JUNIOR,228.717,7408,33.95,96.5,0.687,17.24,21302.4779,17805.68531,21529.76,
Adrian&oacute;polis,4100202,adrianopolitano ou adrianopolense,VANDIR DE OLIVEIRA ROSA,1349.311,5857,4.73,95.8,0.667,10.20,26990.78756,28870.37751,43677.47,
Agudos do Sul,4100301,agudense-do-sul ou agudense,LUCIANE MAIRA TEIXEIRA,192.261,9470,43.01,96.3,0.660,8.85,23790.02827,21427.99858,22087.81,
Almirante Tamandar&eacute;,4100400,tamandareense,GERSON DENILSON COLODEL,194.888,120041,529.95,95.6,0.699,10.08,200858.73732,165618.13589,13168.04,
Altamira do Paran&aacute;,4100459,altamirense,JOSE ETEVALDO DE OLIVEIRA,386.945,1682,11.13,97.5,0.667,16.67,21885.68263,18152.12621,33206.41,
Alt&ocirc;nia,4100509,altoniano,CLAUDENIR GERVASONE,661.560,22176,31.01,99.7,0.721,12.24,56894.27554,47629.1877,17248.08,
Alto Paran&aacute;,4100608,alto-paranaense,CLAUDEMIR JOIA PEREIRA,407.719,14859,33.51,96,0.696,22.99,49050.42207,38262.57745,22430.78,
Alto Piquiri,4100707,alto-piquirense,GIOVANE MENDES DE CARVALHO,447.666,9778,22.74,97.7,0.676,7.52,33578.9144,29397.10094,30900.00,
Alvorada do Sul,4100806,alvoradense-do-sul,MARCOS ANTONIO VOLTARELLI,424.250,11503,24.24,97.4,0.708,9.01,38595.7058,31618.65319,23481.50,
Amapor&atilde;,4100905,amaporense,MAURO LEMOS,384.735,6332,14.15,98.3,0.669,12.66,23652.63869,18754.4073,25691.34,
Amp&eacute;re,4101002,amperense,DISNEI LUQUINI,298.349,19311,58.01,99.3,0.709,7.52,53952.96976,46246.99499,31922.65,
Anahy,4101051,anaiense,CARLOS ANTONIO REIS,102.895,2788,28.00,97.4,0.695,23.26,16524.26347,13272.15823,30289.95,
Andir&aacute;,4101101,andiraense,IONE ELISABETH ALVES ABIB,236.075,19926,87.30,99.1,0.725,8.13,76575.51877,64662.02459,37115.48,
&Acirc;ngulo,4101150,angulense,ROG&Eacute;RIO APARECIDO BERNARDO,106.021,2930,26.97,100,0.721,48.78,22532.87433,17528.14675,38937.19,
Antonina,4101200,antoninense,JOS&Eacute; PAULO VIEIRA AZIM,882.317,18949,21.41,97.6,0.687,14.34,54850.93103,48021.89756,28312.72,
Ant&ocirc;nio Olinto,4101309,antoniolintense,ALAN JAROS,469.620,7427,15.65,98.6,0.656,21.98,23695.77347,19303.32688,25293.06,
Apucarana,4101408,apucaranense,SEBASTIAO FERREIRA MARTINS JUNIOR,558.389,136234,216.55,97.8,0.748,18.48,333503.24963,302077.09003,23315.61,
Arapongas,4101507,araponguense,SERGIO ONOFRE DA SILVA,382.215,124810,272.49,97.3,0.748,10.07,279550.07951,245423.85818,35440.69,
Arapoti,4101606,arapotiense,IRANI JOSE BARROS,1358.176,28300,19.00,97.7,0.723,10.10,95686.15669,76735.60762,41056.91,
Arapu&atilde;,4101655,arapuense,DEODATO MATIAS,217.371,3009,16.34,97.1,0.676,16.13,17607.90099,15645.49382,33898.05,
Araruna,4101705,ararunense,LEANDRO CESAR DE OLIVEIRA,493.191,14000,27.21,99.1,0.704,5.26,47109.10876,41793.60073,32538.31,
Arauc&aacute;ria,4101804,araucariano,HISSAM HUSSEIN DEHAINI,469.240,146214,253.86,97.4,0.740,11.03,1031236.18221,713669.69042,116046.97,
Ariranha do Iva&iacute;,4101853,ariranhense do iva&iacute;,THIAGO EPIFANIO DA SILVA,239.562,2066,10.24,99.4,0.670,27.78,17929.99824,12450.41518,41179.91,
Assa&iacute;,4101903,assaiense,MICHEL ANGELO BOMTEMPO,440.347,14954,37.14,98,0.728,9.71,47740.25987,39980.4735,25938.66,
Assis Chateaubriand,4102000,assis-chateaubriense,VALTER APARECIDO SOUZA CORREIA,980.727,33340,34.06,98.6,0.729,6.38,110029.77719,93861.28847,36800.41,
Astorga,4102109,astorgano,SUZIE APARECIDA PUCILLO ZANATTA,434.792,26209,56.80,97.4,0.747,9.52,81604.54154,69112.08505,29141.11,
Atalaia,4102208,atalaiense,CARLOS EDUARDO ARMELIN MARIANI,137.663,3881,28.42,99.6,0.736,69.77,22112.7648,19697.19113,35008.12,
Balsa Nova,4102307,balsa-novense,MARCOS ANTONIO ZANETTI,348.926,13092,32.39,87.4,0.696,4.22,53670.59253,45954.50726,53915.82,
Bandeirantes,4102406,bandeirantense,JAELSON RAMALHO MATTA,445.192,31211,72.29,97.8,0.727,8.97,73915.03994,61630.87433,24859.03,
Barbosa Ferraz,4102505,barbosense,EDENILSON APARECIDO MILIOSSI,538.636,11426,23.50,98.2,0.696,16.81,36116.20339,31640.69078,17993.50,
Barrac&atilde;o,4102604,barraconense,JORGE LUIZ SANTIN,171.402,10312,56.78,95.3,0.706,6.71,39271.02329,32592.50439,24067.18,
Barra do Jacar&eacute;,4102703,barrense,EDIMAR DE FREITAS ALBONETI,115.724,2781,23.56,98.7,0.744,80.00,16904.05899,13728.96018,33015.66,
Bela Vista da Caroba,4102752,bela-vistense,GELSON MAFFI,148.107,3457,26.64,99.5,0.681,35.71,16979.21179,13878.83643,20125.01,
Bela Vista do Para&iacute;so,4102802,bela-vistense,FABRICIO PASTORE,242.689,15399,62.13,97.3,0.716,9.22,44196.64293,36909.66925,29495.52,
Bituruna,4102901,biturenense,RODRIGO ROSSONI,1228.285,16400,13.07,98.2,0.667,14.81,54066.00709,47507.87074,22965.66,
Boa Esperan&ccedil;a,4103008,boa-esperansense,JOEL CELSO BUSCARIOL,302.739,4047,14.86,99,0.720,15.63,23815.23761,20710.11438,48707.82,
Boa Esperan&ccedil;a do Igua&ccedil;u,4103024,boaesperencense,GIVANILDO TRUMI,151.797,2470,18.21,98.3,0.700,54.05,18090.96703,15984.69558,36931.39,
Boa Ventura de S&atilde;o Roque,4103040,boa venturense,EDSON FL&Aacute;VIO HOFFMANN,620.453,6365,10.53,97.5,0.655,12.20,31810,22773,36479.27,
Boa Vista da Aparecida,4103057,boa-vistense,LEONIR ANTUNES DOS SANTOS,256.297,7540,30.87,99.2,0.670,8.13,29754.88719,29694.59198,18345.91,
Bocai&uacute;va do Sul,4103107,bocaiuvense,ANTONIO LUIZ GUSSO,826.344,13129,13.30,95.1,0.640,15.00,33981.14629,27294.50966,15505.64,
Bom Jesus do Sul,4103156,bonjesuense,HELIO JOSE SURDI,173.817,3506,21.82,99.4,0.697,16.13,19948.46221,17631.48328,20289.39,
Bom Sucesso,4103206,bom-sucessense,RAIMUNDO SEVERIANO DE ALMEIDA JUNIOR,322.755,7068,20.33,95.5,0.686,11.63,27358.73939,24688.72162,16424.65,
Bom Sucesso do Sul,4103222,bomsucessense do sul,NILSON ANTONIO FEVERSANI,195.931,3254,16.81,98.3,0.742,27.78,22286.35576,18117.63482,62685.47,
Borraz&oacute;polis,4103305,borrazopolitano,DALTON FERNANDES MOREIRA,334.378,6439,23.56,99,0.717,11.24,23979.11338,19373.08251,31389.44,
Braganey,4103354,braganense,ODAIR GUERREIRO OLIVEIRA,343.321,5382,16.70,98,0.701,27.40,23080.73628,17629.07055,31360.85,
Brasil&acirc;ndia do Sul,4103370,brasilandiense,ALEX ANTONIO CAVALCANTE,291.036,2585,11.03,97.8,0.681,18.52,23381.87059,21465.422,70764.86,
Cafeara,4103404,cafearense,ELTON FABIO LAZARETTI,185.800,2954,14.50,99.5,0.693,66.67,16859.40046,14641.14835,23156.44,
Cafel&acirc;ndia,4103453,cafelandense,CULESTINO KIARA,271.724,18456,53.96,98,0.748,13.33,74075.55686,60227.67424,77661.71,
Cafezal do Sul,4103479,cafezalense,MARIO JUNIO KAZUO DA SILVA,335.392,4009,12.79,98.4,0.692,19.61,19863.67722,19078.61298,25337.49,
Calif&oacute;rnia,4103503,californiano,PAULO WILSON MENDES,141.817,8606,56.90,97.2,0.722,7.35,27659.24936,20409.75699,20864.61,
Cambar&aacute;,4103602,cambaraense,JOS&Eacute; SALIM HAGGI NETO,366.153,25466,65.23,97.3,0.721,7.07,75318.25344,53645.22294,28586.57,
Camb&eacute;,4103701,cambeense,CONRADO &Acirc;NGELO SCHELLER,495.375,107341,195.47,97.5,0.734,14.76,285940.19392,248791.5082,36311.28,
Cambira,4103800,cambirense,EMERSON TOLEDO PIRES,163.388,7917,44.29,97.5,0.725,30.61,26273.58534,20228.08928,21998.93,
Campina da Lagoa,4103909,campinense-da-lagoa,MILTON LUIZ ALVES,796.614,14043,19.32,97.3,0.704,18.10,48287.58412,40522.95684,28823.18,
Campina do Sim&atilde;o,4103958,campineiro do sim&atilde;o,ANDR&Eacute; JUNIOR DE PAULA,448.424,3859,9.09,98.4,0.630,15.63,22366.71652,19437.25859,24117.82,
Campina Grande do Sul,4104006,campinense-do-sul,BIHL ELERIAN ZANETTI,539.245,43685,71.90,98,0.718,9.50,146811.35667,115275.2415,36518.02,
Campo Bonito,4104055,campo-bonitense,MARIO WEBER,433.832,3763,10.16,97.4,0.681,62.50,21110.75793,17150.83172,42442.22,
Campo do Tenente,4104105,tenentiano,WEVERTON WILLIAN VIZENTIN,304.488,8045,23.40,98.7,0.686,7.41,24380.72221,21964.27138,25836.83,
Campo Largo,4104204,campo-larguense,MARCELO FABIANI PUPPI,1243.551,133865,89.93,97.7,0.745,11.53,334617.81068,263348.38055,33304.69,
Campo Magro,4104253,campomagrense,CLAUDIO CESAR CASAGRANDE,275.352,29740,90.22,96.1,0.701,10.26,70517.06947,66764.12173,14644.71,
Campo Mour&atilde;o,4104303,campo-mourense,TAUILLO TEZELLI,749.637,95488,115.05,98.2,0.757,12.27,325876.0211,263940.0456,41536.16,
C&acirc;ndido de Abreu,4104402,c&acirc;ndido-abreuense,RENAN MENCK ROMANICHEN,1510.160,14809,11.03,98.1,0.629,13.27,44514.10934,39540.31021,20862.25,
Cand&oacute;i,4104428,candoianos,ALDOINO GOLDONI FILHO,1512.786,16053,9.90,93.8,0.635,7.17,62024.48056,45619.27801,32013.04,
Cantagalo,4104451,cantagalense,JO&Atilde;O KONJUNSKI,583.540,13329,22.20,96,0.635,10.81,37515.04895,31909.28602,19378.91,
Capanema,4104501,capanemense,AMERICO BELLE,419.036,19148,44.25,98.2,0.706,4.00,63634.53021,52869.59706,32437.22,
Capit&atilde;o Le&ocirc;nidas Marques,4104600,le&ocirc;nidas-marquesiense,MAXWELL SCAPINI,275.748,15834,54.29,98.2,0.716,16.39,54181.82619,43538.47907,74160.76,
Carambe&iacute;,4104659,carambiense,ELISANGELA PEDROSO DE OLIVEIRA NUNES,649.680,23825,29.50,98.2,0.728,13.70,85492.76962,75170.97805,56774.32,
Carl&oacute;polis,4104709,carlopolitano,HIROSHI KUBO,451.418,14356,30.36,98.1,0.713,9.90,39762.4564,32200.5857,23990.73,
Cascavel,4104808,cascavelense,LEONALDO PARANHOS DA SILVA,2101.074,332333,136.23,98.1,0.782,9.84,962657.58077,805933.7399,37733.02,
Castro,4104907,castrense,MOACYR ELIAS FADEL JUNIOR,2531.503,71809,26.50,97.2,0.703,11.58,214539.00,176703.13882,39629.73,
Catanduvas,4105003,catanduvense,MOISES APARECIDO DE SOUZA,581.756,10167,17.54,97.8,0.678,17.39,31959.51902,25617.01953,26803.32,
Centen&aacute;rio do Sul,4105102,centenariense,MELQUIADES TAVIAN JUNIOR,371.834,10764,30.09,97.9,0.668,5.78,33044.34839,29330.14889,20943.44,
Cerro Azul,4105201,cerro-azulense,PATRIK MAGARI,1341.189,17833,12.63,92.9,0.573,4.52,46398.93415,40136.50712,17862.32,
C&eacute;u Azul,4105300,c&eacute;u-azulense,LAURINDO SPEROTTO,1179.449,11819,9.35,98.4,0.732,7.69,51371.45943,44429.249,54748.10,
Chopinzinho,4105409,chopinzinhense,EDSON LUIZ CENCI,959.692,19167,20.51,98.1,0.740,13.89,85971.58126,71992.95039,34096.42,
Cianorte,4105508,cianortense,MARCO ANTONIO FRANZATO,811.666,83816,86.19,98.2,0.755,8.90,283157.49013,248120.80945,32662.63,
Cidade Ga&uacute;cha,4105607,cidade-gauchense ou citadino,HENRIQUE DOMINGUES,403.045,12797,27.45,98.5,0.718,6.76,37818.07454,34806.09798,33163.57,
Clevel&acirc;ndia,4105706,clevelandense,RAFAELA MARTINS LOSI,703.638,16450,24.50,96,0.694,17.39,54997.73135,46848.90778,27935.92,
Colombo,4105805,colombense,HELDER LUIZ LAZAROTTO,197.793,246540,1076.72,96.6,0.733,12.45,407967.01225,356978.85096,21682.44,
Colorado,4105904,colorado,MARCOS JOS&Eacute; CONSALTER DE MELLO,407.568,24145,55.41,98.1,0.730,24.48,85272.00514,70195.43477,25897.41,
Congonhinhas,4106001,congonhinhense,JOS&Eacute; OLEG&Aacute;RIO RIBEIRO LOPES,535.963,8857,15.45,98.7,0.668,36.50,28467.00531,21350.00712,23435.05,
Conselheiro Mairinck,4106100,mairinquense,ALEX SANDRO PEREIRA COSTA DOMINGUES,204.705,3876,17.76,98.7,0.707,17.86,16124.20854,14861.85142,24756.47,
Contenda,4106209,contendense,ANTONIO ADAMIR DIGNER,299.037,18837,53.14,99.6,0.681,4.15,56309.73279,45438.71896,21847.83,
Corb&eacute;lia,4106308,corbeliano,GIOVANI MIGUEL WOLF HNATUW,529.137,17117,30.81,97.9,0.738,3.89,70372.98162,54693.43131,35813.38,
Corn&eacute;lio Proc&oacute;pio,4106407,procopense,AMIN JOSE HANNOUCHE,635.100,47842,73.89,98.7,0.759,11.63,127718.06521,112505.59797,32330.82,
Coronel Domingos Soares,4106456,domingosoarense,JANDIR BANDIERA,1562.848,7518,4.59,95.9,0.600,22.73,29988.1546,24662.25023,26205.69,
Coronel Vivida,4106506,coronel-vividense,ANDERSON MANIQUE BARRETO,684.417,20580,31.78,97.5,0.723,9.01,71385.64644,69625.73308,32847.60,
Corumbata&iacute; do Sul,4106555,corumbataiense,ALEXANDRE DONATO,164.341,3127,24.35,97,0.638,18.87,17470.1544,15905.4491,19914.77,
Cruzeiro do Igua&ccedil;u,4106571,cruzeirense,LEONIR ANT&Ocirc;NIO GELHEN,161.862,4240,26.43,98.4,0.709,15.87,22958.25502,18967.24352,26771.61,
Cruzeiro do Oeste,4106605,cruzeirense,MARIA HELENA BERTOCO RODRIGUES,775.984,20947,26.20,97.7,0.717,13.70,67573.12677,60804.21937,39631.52,
Cruzeiro do Sul,4106704,cruzeirense-do-sul,MARCOS CESAR SUGIGAN,259.103,4449,17.61,98.5,0.713,25.97,20030.83922,19005.56609,41283.44,
Cruz Machado,4106803,cruz-machadense,ANTONIO LUIS SZAYKOWSKI,1478.350,18741,12.20,96.9,0.664,4.46,62925.55054,53592.70036,19721.21,
Cruzmaltina,4106852,cruzmaltinense,NATAL CASAVECHIA,312.299,2921,10.12,99.3,0.666,71.43,17818.47504,14222.88015,37981.42,
Curitiba,4106902,curitibano,RAFAEL VALDOMIRO GRECA DE MACEDO,434.892,1948626,4027.04,97.6,0.823,8.31,8661107.78088,8029191.25759,45458.29,
Curi&uacute;va,4107009,curiuvense,NATA NAEL MOURA DOS SANTOS,576.263,15196,24.16,98.7,0.656,10.58,43166.20143,34581.66717,15485.22,
Diamante do Norte,4107108,diamantense,ELIEL DOS SANTOS CORREA,242.887,5030,22.71,97.2,0.723,16.95,28753.79623,23537.77297,67956.36,
Diamante do Sul,4107124,sul-diamantino,DARCI TIRELLI,347.233,3424,9.75,99.4,0.608,18.87,16436.06517,14263.14011,15628.77,
Diamante D'Oeste,4107157,diamantense,GUILHERME PIVATTO JUNIOR,309.110,5266,16.26,98.2,0.644,13.16,23414.96838,18879.33991,19085.91,
Dois Vizinhos,4107207,duovizinhense,LUIS CARLOS TURATTO,418.648,41038,86.42,98.4,0.767,6.41,121616.7359,104251.4216,39449.27,
Douradina,4107256,douradinense,OBERDAM JOS&Eacute; DE OLIVEIRA,419.853,8869,17.73,97.2,0.724,7.87,29112.24873,25816.10272,68677.24,
Doutor Camargo,4107306,camarguense,&Eacute;DILEN HENRIQUE XAVIER,118.279,5983,49.27,98.6,0.746,15.38,22321.54379,18996.81801,25886.51,
En&eacute;as Marques,4107405,en&eacute;as-marquense,EDSON LUPATINI,192.203,5933,31.75,99.3,0.752,26.67,26915.87323,20281.07224,36862.93,
Engenheiro Beltr&atilde;o,4107504,engenheiro-beltrense,ADALMIR JOS&Eacute; GARBIM JUNIOR,467.470,13981,29.75,97.8,0.730,17.54,43004.04584,36378.45247,40211.54,
Esperan&ccedil;a Nova,4107520,esperan&ccedil;anovense,EVERTON BARBIERI,138.560,1665,14.22,98.5,0.689,57.14,17889.63783,12350.56202,28547.76,
Entre Rios do Oeste,4107538,entrerriense,ARI ALO&Iacute;SIO MALDANER,120.967,4596,32.16,100,0.761,36.36,35878.21502,29709.30992,50894.83,
Espig&atilde;o Alto do Igua&ccedil;u,4107546,espig&atilde;oense,AGENOR BERTONCELO,326.440,4048,14.33,97.9,0.636,14.49,21033.60554,16739.33821,27409.42,
Farol,4107553,farolense,OCLECIO DE FREITAS MENESES,289.232,3041,12.00,97.1,0.715,19.23,20234.9281,17490.82625,50248.77,
Faxinal,4107603,faxinalense,YLSON ALVARO CANTAGALLO,715.943,17316,22.79,96.3,0.687,3.70,50572.64282,42176.57938,24752.72,
Fazenda Rio Grande,4107652,fazendense,NASSIB KASSEM HAMMAD,116.678,102004,700.00,95.8,0.720,12.30,215572,190058,25607.26,
F&ecirc;nix,4107702,fenexense,ALTAIR MOLINA SERRANO,234.099,4748,20.51,99.1,0.716,32.26,22835.77304,19390.40659,31281.16,
Fernandes Pinheiro,4107736,fernandespinheirense,CLEONICE APARECIDA KUFENER SCHUCK,406.500,5602,14.59,96.5,0.645,19.61,33515.65742,28014.7274,31214.74,
Figueira,4107751,figueirense,JOS&Eacute; CARLOS CONTIERO,129.769,7696,63.91,98.1,0.677,10.31,26919.22103,24908.65512,19071.11,
Flora&iacute;,4107801,floraiense,EDNA DE LOURDES CARPINE CONTIN,191.133,4906,26.42,97,0.745,18.18,22436.08301,19654.20244,35608.91,
Flor da Serra do Sul,4107850,sulflorense,VALMOR FELIPE JUNIOR,238.907,4603,19.78,98.7,0.682,44.12,24577.22803,20446.87644,26833.98,
Floresta,4107900,florestense,ADEMIR LUIZ MACIEL,158.226,6851,37.48,98.8,0.736,25.00,29597.06466,25451.00517,30945.99,
Florest&oacute;polis,4108007,florestopolitano,ONICIO DE SOUZA,246.331,10453,45.56,97.2,0.701,6.67,35234.59684,29766.01305,23371.68,
Fl&oacute;rida,4108106,floridense,ANTONIO EMERSON SETTE,83.046,2699,30.62,96.3,0.732,35.71,18338.55781,14876.32076,22595.37,
Formosa do Oeste,4108205,formosense-do-oeste,LUIZ ANTONIO DOMINGOS DE AGUIAR,275.712,6460,27.35,96.4,0.723,24.69,27155.64365,20319.77586,39962.99,
Foz do Igua&ccedil;u,4108304,igua&ccedil;uense,FRANCISCO LACERDA BRASILEIRO,618.057,258248,414.58,96.4,0.751,12.04,1031540.52937,873653.36565,56702.71,
Francisco Alves,4108320,alvense,VALTER CESAR ROSA,321.898,5993,19.94,98.6,0.669,10.64,28993.43766,25193.92414,32119.32,
Francisco Beltr&atilde;o,4108403,beltronense,CLEBER FONTANA,735.111,92216,107.39,98.8,0.774,12.95,323537.38641,257972.58845,35460.16,
Foz do Jord&atilde;o,4108452,fozjordense,FRANCISCO CLEI DA SILVA,235.382,4556,23.03,96.4,0.645,21.98,22703.79059,18585.15732,25851.65,
General Carneiro,4108502,carneirense,JOEL RICARDO MARTINS FERREIRA,1071.183,13685,12.76,96.7,0.652,38.79,38179.0947,30453.26399,20913.85,
Godoy Moreira,4108551,godoense,PRIMIS DE OLIVEIRA,131.012,2898,25.47,100,0.675,26.32,17168.85036,15514.79192,17343.10,
Goioer&ecirc;,4108601,goio-erense,ROBERTO DOS REIS DE LIMA,564.163,28808,51.44,97.4,0.731,13.05,83543.22307,76107.26551,31176.74,
Goioxim,4108650,goioxinhense,MARI TEREZINHA DA SILVA,702.471,7053,10.68,98.1,0.641,55.56,23738.29914,20424.4738,25259.49,
Grandes Rios,4108700,grande-riense,ANTONIO RIBEIRO DA SILVA,314.198,5497,21.09,96.1,0.658,34.09,20110.83737,17213.97891,21100.41,
Gua&iacute;ra,4108809,guairense,HERALDO TRENTO,563.742,33310,54.78,95.9,0.724,14.11,105766.50093,92534.89811,28449.48,
Guaira&ccedil;&aacute;,4108908,guaira&ccedil;aense,MARCELO ALVES DE OLIVEIRA,493.940,6609,12.55,96.9,0.693,11.76,20755.37126,19047.00635,34669.25,
Guamiranga,4108957,guamiranguense,ANGELO MACHADO DO NASCIMENTO,244.795,8811,32.27,97.5,0.669,8.77,29876.4066,20384.47542,27803.44,
Guapirama,4109005,guapiramense,EDUI GON&Ccedil;&Atilde;LVES,189.100,3784,20.58,98.6,0.702,18.18,21152.21126,18966.69163,26862.15,
Guaporema,4109104,guaporemense,GILBERTO CASTIGLIONI,201.150,2241,11.08,98.4,0.719,47.62,17753.54661,15755.63449,24958.39,
Guaraci,4109203,guaraciense,SIDNEI DEZOTI,211.680,5530,24.69,99.3,0.698,44.78,25258.14495,20162.29852,19423.76,
Guarania&ccedil;u,4109302,guarania&ccedil;uano,OSMARIO DE LIMA PORTELA,1238.320,12217,11.90,96.9,0.677,9.52,47921.34543,39353.95891,27779.56,
Guarapuava,4109401,guarapuavano,CELSO FERNANDO G&Oacute;ES,3168.087,182644,53.68,97.1,0.731,11.73,429923.42332,358585.02795,33913.76,
Guaraque&ccedil;aba,4109500,guaraque&ccedil;abano,LILIAN RAMOS NARLOCH,2017.030,7594,3.90,95.3,0.587,10.10,27623,22268,14552.14,
Guaratuba,4109609,guaratubano,ROBERTO CORDEIRO JUSTUS,1326.670,37527,24.19,97.8,0.717,11.72,137741.27182,133674.68167,21789.76,
Hon&oacute;rio Serpa,4109658,hon&oacute;rio serpense,LUCIANO DIAS,502.235,5119,11.86,99.1,0.683,18.18,24492.73642,16530.45437,40410.70,
Ibaiti,4109708,ibaitiense,ANTONELY DE CASSIO ALVES DE CARVALHO,898.221,31644,32.03,96.5,0.710,5.78,63775.96913,46837.93239,21791.16,
Ibema,4109757,ibemense,VIVIANE COMIRAN,145.446,6370,41.71,98,0.685,30.30,21136.1128,16308.51743,26148.72,
Ibipor&atilde;,4109807,ibiporanense,JOS&Eacute; MARIA FERREIRA,297.742,55131,161.88,96.8,0.726,15.69,209186.1627,172097.45833,45232.95,
Icara&iacute;ma,4109906,icaraimense,MARCOS ALEX DE OLIVEIRA,675.240,7786,13.09,97.8,0.666,16.53,33968.32351,30514.6153,29010.50,
Iguara&ccedil;u,4110003,iguara&ccedil;uense,ELISEU SILVA DA COSTA,164.983,4440,24.14,98.3,0.758,15.87,23567.67003,20742.65292,33960.38,
Iguatu,4110052,iguatuense,VLADEMIR ANTONIO BARELLA,106.937,2253,20.89,96.7,0.703,35.71,15008.70503,12070.65246,27442.45,
Imba&uacute;,4110078,imbauense,DAYANE SOVINSKI RODRIGUES,330.703,13282,34.09,97.2,0.622,22.47,29448.29617,27047.31744,17384.38,
Imbituva,4110102,imbituvense,CELSO KUBASKI,756.535,32940,37.61,95.9,0.660,10.62,90941.42459,69698.08622,27827.18,
In&aacute;cio Martins,4110201,in&aacute;cio-martinense,EDEMETRIO BENATO JUNIOR,936.208,11121,11.69,94.5,0.600,5.81,45687.39397,31088.27239,17186.47,
Inaj&aacute;,4110300,inajaense,CLEBER GERALDO DA SILVA,194.704,3116,15.35,98.6,0.705,31.25,18021.34316,15663.32402,16170.51,
Indian&oacute;polis,4110409,indianopolitano,JULIANO TREVISAN CORDEIRO,122.622,4465,35.06,100,0.724,19.61,29593.43139,25481.73304,115710.65,
Ipiranga,4110508,ipiranguense,DOUGLAS DAVI CRUZ,927.087,15251,15.26,97.4,0.652,5.21,48447.88927,41809.71146,33390.21,
Ipor&atilde;,4110607,ipor&atilde;ense,SERGIO LUIZ BORGES,647.894,13782,23.12,99.2,0.706,15.54,49180.6497,37957.35005,26062.01,
Iracema do Oeste,4110656,iracemense,ELZA HAASE RODRIGUES,81.538,2251,31.62,98.3,0.707,41.67,15300.75687,12663.61136,35498.68,
Irati,4110706,iratiense,JORGE DAVID DERBLI PINTO,999.517,61088,56.23,98.5,0.726,9.41,163562.3799,140858.64724,30279.24,
Iretama,4110805,iretamense,SAME SAAB,570.459,10098,18.62,98.7,0.665,20.69,40146.53561,30430.69462,25114.59,
Itaguaj&eacute;,4110904,itaguajeense,CRISOGONO NOLETO E SILVA JUNIOR,194.353,4446,24.00,98.9,0.707,17.54,23191.43986,19899.49881,21820.45,
Itaipul&acirc;ndia,4110953,itaipulandiense,CLEIDE IN&Ecirc;S GRIEBELER PRATES,330.846,11385,27.25,99.2,0.738,15.46,101491.879,87223.77165,32812.56,
Itambarac&aacute;,4111001,itambaracaense,M&Ocirc;NICA CRISTINA ZAMBON HOLZMANN,207.342,6549,32.60,99.5,0.694,15.15,21900.86252,18146.61211,24352.68,
Itamb&eacute;,4111100,itambenense,VITOR APARECIDO FEDRIGO,243.822,6109,24.52,99.2,0.746,13.70,22541.24796,18861.56865,31056.55,
Itapejara d'Oeste,4111209,itapejarense,VILMAR SCHMOLLER,254.014,12094,41.46,100,0.731,19.61,41943.68175,32001.51995,52016.54,
Itaperu&ccedil;u,4111258,itaperu&ccedil;uense,NENEU JOS&Eacute; ARTIGAS,320.578,29070,75.96,94.9,0.637,7.59,52087.24682,45623.94118,18017.57,
Ita&uacute;na do Sul,4111308,itaunense,GILSON JOS&Eacute; DE GOIS,128.870,2781,27.80,93.6,0.656,23.81,15606.20677,13683.11708,25677.47,
Iva&iacute;,4111407,ivaiense,IDIR TREVISO,607.848,13965,21.08,97.2,0.651,10.81,40132.32813,35495.50998,27240.57,
Ivaipor&atilde;,4111506,ivaipor&atilde;nense,LUIZ CARLOS GIL,431.502,31935,73.73,98.3,0.730,16.13,89810.16576,80261.84193,25614.24,
Ivat&eacute;,4111555,ivateense,DENILSON VAGLIERI PREVITAL,410.907,8240,18.29,98.1,0.706,8.20,27092.36272,21331.44065,24077.53,
Ivatuba,4111605,ivatubense,SERGIO JOSE SANTI,96.661,3279,31.14,99.2,0.766,35.71,43455.73601,16007.53533,34521.35,
Jaboti,4111704,jabotiense,REGIS WILLIAM SIQUEIRA RODRIGUES,139.277,5303,35.20,97.6,0.718,10.10,19241.26124,17668.40707,20628.86,
Jacarezinho,4111803,jacarezinhense,MARCELO JOS&Eacute; BERNARDELI PALHARES,602.528,39322,64.93,98.1,0.743,9.21,105850.74167,88053.78156,34442.35,
Jaguapit&atilde;,4111902,jaguapit&atilde;ense,GERSON LUIZ MARCATO,475.004,13742,25.74,98.9,0.715,33.90,47516.38143,40141.48595,57909.85,
Jaguaria&iacute;va,4112009,jaguariaivense,ALCIONE LEMOS,1453.066,35027,22.44,98,0.743,12.68,101707.18291,89723.91847,42684.52,
Jandaia do Sul,4112108,jandaiense-do-sul,LAURO DE SOUZA SILVA JUNIOR,187.600,21230,108.04,99.2,0.747,7.33,61490.15584,52660.84095,32094.76,
Jani&oacute;polis,4112207,janiopolitano,ISMAEL JOSE DEZANOSKI,335.650,5095,19.46,99,0.696,11.63,23256.74689,18528.57227,29462.87,
Japira,4112306,japirense,ANGELO MARCOS VIGILATO,187.802,4930,26.04,98.3,0.696,13.51,18509.25062,16188.63171,20254.96,
Japur&aacute;,4112405,japuraense,ADRIANA CRISTINA POLIZER,165.185,9500,51.75,98.4,0.712,18.35,36890.66014,32486.82385,26887.19,
Jardim Alegre,4112504,jardim-alegrense,JOSE ROBERTO FURLAN,413.386,11196,30.39,98.1,0.689,12.42,35235.56798,29567.08901,22020.85,
Jardim Olinda,4112603,jardinolindense,LUCIMAR DE SOUZA MORAIS,128.515,1320,10.96,97.5,0.682,52.63,15444.02901,12418.31194,31376.72,
Jataizinho,4112702,jatainhense,WILSON FERNANDES,159.178,12638,74.60,97.9,0.687,30.46,2822950.30607,25262.39694,15234.12,
Jesu&iacute;tas,4112751,jesuitense,APARECIDO JOSE WEILLER JUNIOR,247.496,8330,36.37,97.6,0.705,19.80,30215.11279,22231.05452,40574.75,
Joaquim T&aacute;vora,4112801,tavorense,REGINALDO VILELA,289.173,12009,37.13,97.4,0.700,18.40,39646.08306,31226.01342,49769.88,
Jundia&iacute; do Sul,4112900,jundiaiense-do-sul,ECLAIR RAUEN,320.816,3269,10.70,99,0.688,23.81,14934.89521,12120.17231,22476.19,
Juranda,4112959,jurandense,LEILA MIOTTO AMADEI,354.364,7292,21.85,98.2,0.708,10.42,29497.29092,22451.01493,45869.17,
Jussara,4113007,jussarense,ROBISON PEDROSO DA SILVA,210.869,7041,31.35,97,0.718,11.11,30881.88909,23992.87998,32148.38,
Kalor&eacute;,4113106,kaloreense,EDMILSON LUIS STENCEL,193.299,4047,23.31,95.9,0.721,21.28,20449.51506,17193.55245,27259.96,
Lapa,4113205,lapeano,DIEGO TIMBIRUSSU RIBAS,2093.859,48410,21.46,98.8,0.706,7.08,152038.316,127433.96912,34292.29,
Laranjal,4113254,laranjaense,JOAO ELINTON DUTRA,559.439,5784,11.37,97.2,0.585,32.61,25137.73177,18358.34687,13927.76,
Laranjeiras do Sul,4113304,laranjeirense-do-sul,JONATAS FELISBERTO DA SILVA,673.599,32139,45.79,96.3,0.706,18.75,90216.47084,75216.02056,24175.13,
Le&oacute;polis,4113403,leopolense,ALESSANDRO RIBEIRO,344.918,3925,12.02,98.8,0.707,41.67,20945.91265,16968.23061,37742.85,
Lidian&oacute;polis,4113429,lidianopolitano,ADAUTO APARECIDO MANDU,151.456,3231,25.04,99.4,0.680,23.26,16780.8902,13928.82482,24880.58,
Lindoeste,4113452,lindo-estense,SILVIO DE SOUZA,361.367,4592,14.84,98.9,0.666,14.93,23625.5061,20271.97637,34310.21,
Loanda,4113502,loandense,JOS&Eacute; MARIA PEREIRA FERNANDES,722.496,23242,29.34,97.9,0.725,3.08,70315.68635,56542.04393,25048.28,
Lobato,4113601,lobatense,FABIO CHICAROLI,240.904,4819,18.27,98.8,0.744,19.23,25303.00329,21942.49535,38826.56,
Londrina,4113700,londrinense,MARCELO BELINATI MARTINS,1652.569,575377,306.52,97.3,0.778,10.68,1885135.89707,1810745.5818,35383.29,
Luiziana,4113734,luizianense,WILSON ANTONIO TURECK,916.839,7240,8.05,98.1,0.668,23.81,34716.56864,28726.07875,45022.98,
Lunardelli,4113759,lunardelliense,REINALDO GROLA,199.213,4744,25.90,98.5,0.690,19.23,18659.4804,17288.27907,18306.03,
Lupion&oacute;polis,4113809,lupionopolense,ANTONIO PELOSO FILHO,121.066,4945,37.93,98.5,0.710,24.39,20395.76141,17185.46758,20927.08,
Mallet,4113908,malletense,MOACIR ALFREDO SZINVELSKI,753.713,13663,17.94,98.5,0.708,5.92,43637.89765,33377.37529,52248.32,
Mambor&ecirc;,4114005,mamborense,RICARDO RADOMSKI,788.061,13014,17.72,98.8,0.719,6.13,53755.49519,44496.99152,41062.60,
Mandagua&ccedil;u,4114104,mandagua&ccedil;uense,MAURICIO APARECIDO DA SILVA,294.019,23100,67.28,96.8,0.718,14.12,70597.34385,58797.78222,24761.97,
Mandaguari,4114203,mandaguariense,IVON&Eacute;IA DE ANDRADE APARECIDO FURTADO,335.814,34515,97.25,98.7,0.751,7.87,102767.67968,88203.49454,45662.87,
Mandirituba,4114302,mandiritubense,LUIS ANTONIO BISCAIA,379.179,27315,58.60,94.7,0.655,14.96,68008.57966,60168.27808,23214.18,
Manfrin&oacute;polis,4114351,manfrinopolitano,ILENA DE FATIMA PEGORARO OLIVEIRA,216.415,2506,14.45,98.3,0.645,23.81,17085.54485,14034.69356,19930.53,
Mangueirinha,4114401,mangueirinhense,ELIDIO ZIMERMAN DE MORAES,1055.458,16642,16.15,97.6,0.688,7.91,77962.26207,70229.78319,80180.85,
Manoel Ribas,4114500,manoel-ribense,JOSE CARLOS DA SILVA CORONA,571.135,13510,23.06,95.6,0.716,5.15,41858.73533,33677.44861,28109.94,
Marechal C&acirc;ndido Rondon,4114609,rondonense,MARCIO ANDREI RAUBER,747.041,53495,62.59,98.5,0.774,13.19,194758.44085,153491.15772,44732.80,
Maria Helena,4114708,maria-helenense,MARLON RANCER MARQUES,486.224,5634,12.25,97.8,0.703,13.16,24186.71929,20223.3779,18982.05,
Marialva,4114807,marialvense,VICTOR CELSO MARTINI,475.564,35804,67.20,99.2,0.735,10.14,106423.91972,81737.23013,42116.89,
Maril&acirc;ndia do Sul,4114906,marilandense,AQUILES TAKEDA FILHO,384.424,8814,23.06,98.7,0.691,17.39,34267.73005,26678.34743,37610.62,
Marilena,4115002,marilenense,JOS&Eacute; APARECIDO DA SILVA,232.363,7084,29.51,98.5,0.681,10.87,27155.29445,19637.26467,19342.54,
Mariluz,4115101,mariluzense,PAULO ARMANDO DA SILVA ALVES,433.170,10336,23.60,99.1,0.639,34.01,40317.5675,35106.37153,22238.90,
Maring&aacute;,4115200,maringaense,ULISSES DE JESUS MAIA KOTSIFAS,487.012,430157,733.14,98.4,0.808,10.08,1444416.10224,1243868.00778,44442.52,
Mari&oacute;polis,4115309,mariopolitano,MARIO EDUARDO LOPES PAULEK,230.365,6632,27.21,97.5,0.698,11.11,31600.48908,24913.6753,42681.71,
Marip&aacute;,4115358,maripaense,RODRIGO ANDR&Eacute; SCHANOSKI,283.793,5582,20.03,99.6,0.758,11.11,34392.54914,29737.73504,62613.28,
Marmeleiro,4115408,marmeleirense,PAULO JAIR PILATI,387.612,14387,35.88,98.1,0.722,33.18,54954.5072,45650.10634,31572.28,
Marquinho,4115457,marquinhense,ELIO BOLZON JUNIOR,509.632,4340,9.74,99.4,0.614,17.54,21497.22168,17499.30084,19146.42,
Marumbi,4115507,marumbiense,ADHEMAR FRANCISCO REJANI,208.470,4677,22.08,97.1,0.721,33.90,19063.3749,14545.04407,16218.85,
Matel&acirc;ndia,4115606,matelandiense,MAXIMINO PIETROBON,639.746,18107,25.13,98.8,0.725,10.71,78061.38254,65913.83428,51478.22,
Matinhos,4115705,matinhense,JOS&Eacute; CARLOS DO ESPIRITO SANTO,117.899,35219,249.93,98.7,0.743,20.70,133385.50317,121568.23356,22284.64,
Mato Rico,4115739,mato-riquense,EDELIR DE JESUS RIBEIRO DA SILVA,394.533,3206,9.68,97.1,0.632,26.32,22448.28135,16918.84097,24217.63,
Mau&aacute; da Serra,4115754,mauaense da serra,HERMES WICTHOFF,108.324,10800,78.98,98.6,0.652,12.99,32436.63675,27700.93926,28379.51,
Medianeira,4115804,medianeirense,ANTONIO FRAN&Ccedil;A BENJAMIM,328.732,46574,127.21,98.7,0.763,10.42,159297.58977,143716.96502,42116.01,
Mercedes,4115853,mercedense,LAERTON WEBER,197.136,5577,25.12,99.6,0.740,15.87,33204.9214,30517.54926,39390.48,
Mirador,4115903,miradorense,FABIANO MARCOS DA SILVA TRAVAIN,221.708,2196,10.50,97.2,0.680,25.00,17090.60166,14118.68908,45871.33,
Miraselva,4116000,miraselvano,ROG&Eacute;RIO APARECIDO DA SILVA,90.294,1796,20.62,99.6,0.748,40.00,14141.09837,11105.70987,21369.53,
Missal,4116059,missalense,ADILTO LUIS FERRARI,324.397,10704,32.29,97.5,0.711,7.41,54189.81518,47071.99431,32446.53,
Moreira Sales,4116109,moreira-salense,RAFAEL BRITO DO PRADO,353.772,12042,35.63,98.3,0.675,6.33,38227.82319,32444.92382,25425.59,
Morretes,4116208,morretense,SEBASTIAO BRINDAROLLI JUNIOR,684.580,16446,22.96,96.6,0.686,17.32,50265.86193,40210.62249,20421.98,
Munhoz de Melo,4116307,munhozense,GERALDO GOMES,137.018,4009,26.80,98.4,0.726,19.23,22213.15287,19906.0603,24148.09,
Nossa Senhora das Gra&ccedil;as,4116406,gracense,CLODOALDO APARECIDO RIGIERI,185.769,4008,20.65,97.1,0.709,16.39,16453.05885,12831.82563,17625.10,
Nova Alian&ccedil;a do Iva&iacute;,4116505,ivaiense,ULISSES DE SOUZA,131.272,1551,10.90,97.5,0.717,47.62,49.92759,9840.48069,27477.14,
Nova Am&eacute;rica da Colina,4116604,nova-americanense,SEBASTI&Atilde;O ROGATTI,129.476,3434,26.86,97.8,0.698,25.00,18085.36284,16510.11051,21432.00,
Nova Aurora,4116703,nova-aurorense,JOS&Eacute; APARECIDO DE PAULA E SOUZA,474.011,10299,25.03,95.8,0.733,7.63,47890.00978,40101.24109,58755.55,
Nova Cantu,4116802,nova-cantuense,AIRTON ANTONIO AGNOLIN,555.488,5061,13.37,96.8,0.658,20.20,24223.21238,20876.86002,36110.51,
Nova Esperan&ccedil;a,4116901,nova-esperancense,MOACIR OLIVATTI,401.587,27984,66.27,98.7,0.722,9.09,79861.27297,66246.23065,26155.04,
Nova Esperan&ccedil;a do Sudoeste,4116950,novaesperancense,JAIME DA SILVA STANG,208.472,5030,24.45,98.6,0.714,29.85,23377.9069,21677.53692,21290.28,
Nova F&aacute;tima,4117008,fatimense,ROBERTO CARLOS MESSIAS,283.423,8136,28.75,99.3,0.688,10.87,24663.21925,21469.92258,30298.71,
Nova Laranjeiras,4117057,nova laranjeirense,FABIO ROBERTO DOS SANTOS,1210.205,11507,9.81,95.5,0.642,6.90,36804.43915,32681.20697,17539.32,
Nova Londrina,4117107,nova-londrinense,OTAVIO HENRIQUE GRENDENE BONO,269.389,13200,48.51,98.6,0.758,30.30,40482.05286,36500.47469,24026.21,
Nova Ol&iacute;mpia,4117206,novaolimpiense,LUIZ LAZARO SORVOS,136.347,5826,40.36,98.8,0.710,13.16,23949.61078,21751.15971,14263.18,
Nova Santa B&aacute;rbara,4117214,b&aacute;rbaraense,CLAUDEMIR VALERIO,71.764,4277,54.46,97.6,0.680,18.18,17082.16973,15063.70159,19667.76,
Nova Santa Rosa,4117222,nova-santa-rosense,NORBERTO PINZ,204.665,8266,37.26,99.5,0.731,15.63,37622.68914,29499.38721,40035.57,
Nova Prata do Igua&ccedil;u,4117255,pratense,ADROALDO HOFFELDER,352.565,10544,29.43,97.9,0.716,17.09,47599.51054,41634.54255,31075.85,
Nova Tebas,4117271,nova-tebense,CLODOALDO FERNANDES DOS SANTOS,545.686,5448,13.56,97.5,0.651,37.04,27079.05443,22695.97508,22562.21,
Novo Itacolomi,4117297,itacolomiense,MOACIR ANDREOLLA,161.411,2840,17.51,97.9,0.710,27.78,18196.83546,13619.98095,23295.38,
Ortigueira,4117305,ortigueirense,ARY DE OLIVEIRA MATTOS,2429.564,21960,9.62,95.1,0.609,9.52,80217.04126,75449.0705,97505.30,
Ourizona,4117404,ourizonense,MANOEL RODRIGO AMADO,176.457,3425,19.15,96.9,0.720,27.03,20182.40734,16014.49816,31021.49,
Ouro Verde do Oeste,4117453,ouro-verdense,LUCIAN ALUISIO DIERINGS,293.042,6016,19.42,98.8,0.709,11.36,25096.64393,20476.70783,29575.62,
Pai&ccedil;andu,4117503,pai&ccedil;anduense,ISMAEL BATISTA,171.379,41773,209.69,97.2,0.716,15.48,93489.26101,83313.1838,20508.39,
Palmas,4117602,palmense,KOSMOS PANAYOTIS NICOLAOU,1557.903,51755,27.53,92.8,0.660,16.67,116315.80906,104588.75523,23588.47,
Palmeira,4117701,palmeirense,SERGIO LUIS BELICH,1470.072,33994,22.04,95.5,0.718,10.22,125473.13157,105541.0411,42390.25,
Palmital,4117800,palmitalense,VALDENEI DE SOUZA,817.647,12960,18.18,97,0.639,4.61,50416.17585,39523.83444,18982.46,
Palotina,4117909,palotinense,LUIZ ERNESTO DE GIACOMETTI,651.238,32121,44.04,99.4,0.768,11.88,142966.5598,119493.4871,69645.03,
Para&iacute;so do Norte,4118006,paraisense-do-norte,CARLOS ALBERTO VIZZOTTO,204.564,14023,57.55,97.7,0.746,16.22,36980.07935,35301.53244,24179.33,
Paranacity,4118105,paranacitense,WALDEMAR NAVES COCCO JUNIOR,348.631,11580,29.40,99,0.717,27.21,34058.90876,28259.08562,28209.55,
Paranagu&aacute;,4118204,parnanguara,MARCELO ELIAS ROQUE,826.431,156174,169.92,98,0.750,5.08,507004.55109,420733.90483,63606.54,
Paranapoema,4118303,paranapoemense,SIDNEI FRAZATTO,175.875,3241,15.87,98.5,0.709,26.32,17470.43807,14949.62586,21016.01,
Paranava&iacute;,4118402,paranavaiense,CARLOS HENRIQUE ROSSATO GOMES,1202.266,88922,67.86,98.7,0.763,3.89,243933.15842,203877.67581,30152.82,
Pato Bragado,4118451,pato bragadense,LEOMAR ROHDEN,135.600,5684,35.64,100,0.747,27.78,41615.83166,34289.60888,29832.10,
Pato Branco,4118501,pato-branquense,ROBSON CANTU,539.087,83843,134.25,98.7,0.782,10.71,297932.41122,267763.97871,46842.50,
Paula Freitas,4118600,paula-freitense,SEBASTIAO ALGACIR DALPRA,421.409,5908,12.89,98,0.717,26.67,22192.45681,16137.72093,48727.45,
Paulo Frontin,4118709,frontinense,JAMIL PECH,369.862,7387,18.69,99.4,0.708,12.50,24255.45041,19826.77809,41993.09,
Peabiru,4118808,peabiruense,JULIO CEZAR FRARE,468.594,14007,29.07,98,0.723,17.86,47358.64013,40945.41073,23403.10,
Perobal,4118857,perobalense,ALMIR DE ALMEIDA,409.050,6160,13.87,98.1,0.713,8.85,29244.16152,22807.05344,29981.44,
P&eacute;rola,4118907,perolense,VALDETE CARLOS OLIVEIRA GON&Ccedil;ALVES DA CUNHA,240.635,11321,42.42,99.4,0.700,6.49,48629.16663,45969.71183,30399.07,
P&eacute;rola d'Oeste,4119004,p&eacute;rolatense,EDSOM LUIZ BAGETTI,205.279,6288,32.81,99.1,0.726,14.08,22251.95833,18878.2716,25973.88,
Pi&ecirc;n,4119103,pienense,MAICON GROSSKOPF,254.792,12882,44.10,97.5,0.694,6.21,45208.53981,36953.55215,63033.25,
Pinhais,4119152,pinhaense,MARLY PAULINO FAGUNDES,60.869,133490,1922.42,97.2,0.751,11.11,425571.8963,342565.14906,44773.58,
Pinhal&atilde;o,4119202,pinhalense ou pinhal&atilde;oense,DIONISIO ARRAIS DE ALENCAR,220.625,6324,28.17,99.4,0.697,9.26,25504.39798,23056.71497,24868.89,
Pinhal de S&atilde;o Bento,4119251,pinhalense,PAULO FALCADE DE OLIVEIRA,97.463,2737,26.93,99.6,0.695,64.52,17153.34597,15155.84744,18949.92,
Pinh&atilde;o,4119301,pinh&atilde;oense,JOSE VITORINO PRESTES,2001.588,32559,15.09,96,0.654,10.91,92436.03198,78115.17817,48650.61,
Pira&iacute; do Sul,4119400,piraiense,HENRIQUE DE OLIVEIRA CARNEIRO,1345.417,25617,16.69,97.5,0.708,5.43,75050.1755,56032.17545,31574.18,
Piraquara,4119509,piraquarense,JOSIMAR APARECIDO KNUPP FROES,227.042,114970,410.52,96.5,0.700,12.13,232316.49476,182826.41641,11681.04,
Pitanga,4119608,pitanguense,MAICOL GEISON CALLEGARI RODRIGUES BARBOSA,1663.747,29994,19.62,99,0.702,9.11,93832.16007,77389.16505,29163.59,
Pitangueiras,4119657,pitangueirense,SAMUEL TEIXEIRA,123.229,3262,22.84,100,0.710,27.78,16477.70771,13307.38063,30434.34,
Planaltina do Paran&aacute;,4119707,planaltinense,CELSO MAGGIONI,356.192,4272,11.50,100,0.705,33.90,18839.19157,14331.77309,23059.69,
Planalto,4119806,planaltense,LUIZ CARLOS BONI,346.241,13431,39.49,99.8,0.706,21.43,42089.39208,34234.2775,24111.90,
Ponta Grossa,4119905,ponta-grossense,ELIZABETH SILVEIRA SCHMIDT,2054.732,355336,150.72,98.2,0.763,12.66,926888.98732,750895.54059,43253.34,
Pontal do Paran&aacute;,4119954,pontalense,RUDISNEY GIMENES FILHO,200.410,27915,104.67,97.4,0.738,9.57,105766.7514,81703.4435,91044.66,
Porecatu,4120002,porecatuense,F&Aacute;BIO LUIZ ANDRADE,291.663,12748,48.65,96.9,0.738,18.18,37524.56964,33063.43802,42639.27,
Porto Amazonas,4120101,porto-amazonense,ELIAS JOCID GOMES DA COSTA,186.581,4874,24.19,97.8,0.700,19.23,18436.23232,14448.7739,24967.88,
Porto Barreiro,4120150,porto barreirense,EMANOEL VANDERLEI VOLFF,361.020,3184,10.15,99.5,0.688,24.39,21677.98952,18191.61073,29991.75,
Porto Rico,4120200,porto-riquense,ALVARO DE FREITAS NETTO,217.676,2556,11.62,97.1,0.735,28.57,20286.56981,16800.38197,27291.22,
Porto Vit&oacute;ria,4120309,porto-vitoriense,MARISA DE F&Aacute;TIMA ILKIU DE SOUZA,213.013,4061,18.87,98,0.685,39.22,18757.99601,15309.32598,15769.67,
Prado Ferreira,4120333,prado ferreirense,MARIA EDNA DE ANDRADE,153.399,3780,22.39,97.8,0.710,34.48,18895.98306,16266.99224,35163.72,
Pranchita,4120358,pranchitano,ELOIR NELSON LANGE,226.140,5095,24.92,99.6,0.752,30.77,23661.89432,19031.44436,36858.19,
Presidente Castelo Branco,4120408,castelo-branquense,JOAO PERICLES MARTINATI,155.734,5351,30.72,99,0.713,14.49,19575.69375,15936.60944,26125.94,
Primeiro de Maio,4120507,primaiense,BRUNA DE OLIVEIRA CASANOVA,414.442,11130,26.14,97.2,0.701,8.93,35773.37522,30101.15194,26990.66,
Prudent&oacute;polis,4120606,prudentopolitano,OSNEI STADLER,2247.141,52513,21.14,97,0.676,12.03,141101.76527,116406.2235,23031.31,
Quarto Centen&aacute;rio,4120655,quarto centenariense,WILSON AKIO ABE,321.875,4465,15.09,98.3,0.710,18.18,24934.54112,21950.47844,50420.58,
Quatigu&aacute;,4120705,quatiguaense,ADELITA PARMEZAN DE MORAES,112.689,7477,62.52,99,0.714,54.95,28492.05438,22639.88945,23984.75,
Quatro Barras,4120804,quatro-barrense,LORENO BERNARDO TOLARDO,180.471,23911,110.00,97.1,0.742,17.96,97951.49925,77892.14351,66795.52,
Quatro Pontes,4120853,quatro pontense,JO&Atilde;O IN&Aacute;CIO LAUFER,114.393,4029,33.25,99.2,0.791,39.22,25315.75667,22552.01591,44283.78,
Quedas do Igua&ccedil;u,4120903,quedas-igua&ccedil;uense-,ELCIO JAIME DA LUZ,821.503,34409,37.25,97.1,0.681,11.86,84152.19385,66249.16547,35360.99,
Quer&ecirc;ncia do Norte,4121000,querenciano,ROZINEI APARECIDA RAGGIOTTO OLIVEIRA,914.763,12232,12.82,99.1,0.688,5.56,41828.1282,34107.04326,19477.22,
Quinta do Sol,4121109,quinta-solense,LEONARDO LAZZARETTI ROMERO,326.177,4508,15.60,96.1,0.715,13.70,24944.90042,20841.254,37372.12,
Quitandinha,4121208,quitandinhense,JOSE RIBEIRO DE MOURA,447.024,19221,38.23,98.4,0.680,4.15,57595.01717,44941.35773,20763.90,
Ramil&acirc;ndia,4121257,ramilandiense,EDSON DOS SANTOS,237.196,4476,17.43,97.8,0.630,15.15,19584.55801,16382.7075,18590.56,
Rancho Alegre,4121307,alegrense,FERNANDO CARLOS COIMBRA,167.646,3784,23.59,98.3,0.707,23.26,14133.73562,12511.69072,31406.48,
Rancho Alegre D'Oeste,4121356,rancho alegrense,ADAO ARISTEU CENIZ,241.386,2628,11.79,98.6,0.704,117.65,18243.9865,14460.10912,52567.33,
Realeza,4121406,realezense,PAULO CEZAR CASARIL,353.416,16950,46.23,97.4,0.722,14.29,55116.00104,46095.57583,35674.76,
Rebou&ccedil;as,4121505,reboucense,LUIZ EVERALDO ZAK,481.840,14946,29.42,98.3,0.672,17.09,41664.23655,35125.86284,25556.97,
Renascen&ccedil;a,4121604,renascenseano,IDALIR JO&Atilde;O ZANELLA,425.273,6787,16.02,97.7,0.733,22.99,30699.80018,22702.44618,37485.58,
Reserva,4121703,reservense,LUCAS MACHADO RIBEIRO,1635.522,26825,15.39,96.2,0.618,10.10,77396.35639,65223.19814,23196.34,
Reserva do Igua&ccedil;u,4121752,reservense do igua&ccedil;u,VITORIO ANTUNES DE PAULA,834.232,8069,8.76,98.3,0.648,9.17,28937.3838,23519.60864,19844.19,
Ribeir&atilde;o Claro,4121802,ribeir&atilde;o-clarense,JO&Atilde;O CARLOS BONATO,629.224,10645,16.97,98.2,0.716,22.47,44120.90076,37875.14433,43864.02,
Ribeir&atilde;o do Pinhal,4121901,ribeiro-pinhalense,DARTAGNAN CALIXTO FRAIZ,374.732,12948,36.09,98.5,0.701,22.86,33306.44214,28139.02566,17801.07,
Rio Azul,4122008,rio-azulense,LEANDRO JASINSKI,599.056,15336,22.38,96.2,0.687,15.87,51188.30827,42120.0225,40165.19,
Rio Bom,4122107,rio-bonense,MOIS&Eacute;S JOS&Eacute; DE ANDRADE,177.836,3182,18.75,100,0.729,28.57,15996.76328,13241.87811,21667.90,
Rio Bonito do Igua&ccedil;u,4122156,rio bonitense,SEZAR AUGUSTO BOVINO,681.406,13255,18.31,97.6,0.629,12.24,45437.55949,35662.16522,21735.41,
Rio Branco do Iva&iacute;,4122172,riobranquense,PEDRO TABORDA DESPLANCHES,382.329,4109,10.20,97.2,0.640,13.70,18032.12746,15988.32186,19602.02,
Rio Branco do Sul,4122206,rio-branquense,KARIME FAYAD,812.288,32517,37.73,93.9,0.679,7.12,98734.18976,85769.08043,34623.86,
Rio Negro,4122305,rio-negrense,JAMES KARSON VAL&Eacute;RIO,604.138,34411,51.77,98.2,0.760,9.85,106116.66773,85503.12393,36241.73,
Rol&acirc;ndia,4122404,rolandense,AILTON APARECIDO MAISTRO,459.024,67383,126.05,97.5,0.739,21.72,186903.4533,161748.69061,40410.66,
Roncador,4122503,roncadorense,VIVALDO LESSA MOREIRA,742.121,9645,15.55,98.7,0.681,18.29,49910.71951,34234.29979,42915.27,
Rondon,4122602,rondonense,ROBERTO APARECIDO CORREDATO,555.125,9622,16.18,97,0.713,14.81,33153.11714,27851.13874,27777.97,
Ros&aacute;rio do Iva&iacute;,4122651,rosariense,ILTON SHIGUEMI KURODA,371.250,4689,15.05,96.8,0.662,16.67,20029.87618,15601.92098,17630.51,
Sab&aacute;udia,4122701,sabaudiense,MOISES SOARES RIBEIRO,190.329,6891,32.03,98.6,0.740,10.31,31046.72779,24523.30188,84156.90,
Salgado Filho,4122800,salgadense,VOLMAR DUARTE,189.315,3483,23.26,98.3,0.700,30.77,20095.44354,16623.70535,24589.97,
Salto do Itarar&eacute;,4122909,saltense-do-itarar&eacute;,PAULO SERGIO FRAGOSO DA SILVA,200.520,4898,25.82,98.5,0.704,19.61,16529.05723,13989.5208,17862.07,
Salto do Lontra,4123006,salto-lontrense,FERNANDO ALBERTO CADORE,312.717,14872,43.77,96.5,0.718,4.74,45169.85628,37569.34534,25292.01,
Santa Am&eacute;lia,4123105,ameliense,ANTONIO CARLOS TAMAIS,78.045,3266,48.73,96.9,0.653,43.48,16309.26714,13358.09157,22210.79,
Santa Cec&iacute;lia do Pav&atilde;o,4123204,pavonense,EDIMAR APARECIDO PEREIRA DOS SANTOS,110.199,3293,33.09,97.7,0.723,15.87,16444.67984,13872.9317,33266.48,
Santa Cruz de Monte Castelo,4123303,monte-castelense,FRANCISCO ANTONIO BONI,442.013,7751,18.31,98.7,0.710,7.09,31909.1111,24817.76499,33465.37,
Santa F&eacute;,4123402,santa-feense,FERNANDO BRAMBILLA,276.241,12186,37.76,97.9,0.705,7.30,40052.84532,32390.81219,22753.57,
Santa Helena,4123501,santa-helenense,EVANDRO MIGUEL GRADE,754.701,26767,30.88,99.4,0.744,18.62,170494.37728,126426.3839,35652.74,
Santa In&ecirc;s,4123600,santa-ineense,BRUNO VIEIRA LUVISOTTO,156.935,1594,13.13,100,0.717,80.00,14576.63581,12176.3057,25287.19,
Santa Isabel do Iva&iacute;,4123709,santa-isabelense,FREONIZIO VALENTE,349.497,8523,25.06,100,0.720,40.82,28812.0345,22819.18841,22904.05,
Santa Izabel do Oeste,4123808,santa-izabelense,JEAN PIERR CATTO,321.182,14794,40.89,97.1,0.696,6.25,52947.8525,41803.09954,22155.36,
Santa L&uacute;cia,4123824,santaluciense,RENATO TONIDANDEL,116.858,3793,33.59,97.1,0.687,18.87,21696.66993,19673.06748,28147.09,
Santa Maria do Oeste,4123857,santa-mariense,OSCAR DELGADO,836.669,9410,13.58,95.5,0.609,13.79,31965.07577,25893.14707,18031.98,
Santa Mariana,4123907,santa-marianense,JOS&Eacute; MARCELO PIOVAN GUIMAR&Atilde;ES,427.193,11622,29.11,98.2,0.700,18.99,36332.75222,32885.18431,28615.91,
Santa M&ocirc;nica,4123956,moniquense,LUAN GUSTAVO FRAZATTO,259.957,4017,13.74,99.7,0.704,18.18,21845.64629,16522.43809,22625.31,
Santana do Itarar&eacute;,4124004,santanense,JOSE DE JESUZ IZAC,251.269,4954,20.89,97.5,0.687,16.13,19938.9134,16496.94564,19137.73,
Santa Tereza do Oeste,4124020,santa-terezense,ELIO MARCINIAK,326.190,10096,31.67,97.7,0.705,5.00,40131.26274,33556.86629,36647.22,
Santa Terezinha de Itaipu,4124053,itaipuense,KARLA FRANCIELI GALENDE,259.393,23699,80.35,99.6,0.738,5.24,85631.00619,69511.06018,22533.87,
Santo Ant&ocirc;nio da Platina,4124103,platinense,JOSE DA SILVA COELHO NETO,721.472,46251,59.19,96.2,0.718,8.85,108216.25894,92119.02687,26464.00,
Santo Ant&ocirc;nio do Caiu&aacute;,4124202,santo-antoniense,JOS&Eacute; GABRIEL GON&Ccedil;ALVES FACHIANO,219.068,2626,12.45,98,0.696,41.67,14957.631,11650.88131,18423.12,
Santo Ant&ocirc;nio do Para&iacute;so,4124301,santo-antoniense,DEVANIR MARTINELLI,165.904,2068,14.51,97.7,0.716,90.91,15963.18568,13025.54611,40835.44,
Santo Ant&ocirc;nio do Sudoeste,4124400,santo-antoniense,RICARDO ANTONIO ORTI&Ntilde;A,325.651,20261,58.00,96.6,0.671,3.27,63798.18728,56891.30691,25232.69,
Santo In&aacute;cio,4124509,santo-inaciense,GENY VIOLATTO,280.133,5416,17.17,99.3,0.739,9.26,27888.65199,22677.5003,53762.37,
S&atilde;o Carlos do Iva&iacute;,4124608,s&atilde;o-carlense,JOS&Eacute; LUIZ SANTOS,225.079,6920,28.23,98.2,0.682,35.71,28879.35003,25068.01968,45033.98,
S&atilde;o Jer&ocirc;nimo da Serra,4124707,jeronimense,VENICIUS DJALMA ROSA,823.774,11128,13.76,96.2,0.637,15.50,31164.04765,25830.96107,20351.17,
S&atilde;o Jo&atilde;o,4124806,s&atilde;o-joanense,CLOVIS MATEUS CUCCOLOTTO,388.059,10181,27.31,97.6,0.727,20.55,43804.52261,35968.61909,71759.27,
S&atilde;o Jo&atilde;o do Caiu&aacute;,4124905,caiuense,STEFAN TOME PAUKA,304.413,5837,19.42,95,0.664,13.16,19057.62125,15998.41928,21383.91,
S&atilde;o Jo&atilde;o do Iva&iacute;,4125001,s&atilde;o-joanense,CARLA SUZI EMERENCIANO,353.331,10056,32.62,98.7,0.693,34.48,37474.10736,29393.89143,27109.18,
S&atilde;o Jo&atilde;o do Triunfo,4125100,triunfense,ABIMAEL DO VALLE,720.407,15241,19.02,96.9,0.629,18.40,41574.81288,34541.15497,36354.97,
S&atilde;o Jorge d'Oeste,4125209,s&atilde;o-jorgense ou jorgense,LEILA APARECIDA DA ROCHA,379.545,9028,23.94,98.9,0.722,17.86,51126.19488,41882.76379,31106.90,
S&atilde;o Jorge do Iva&iacute;,4125308,s&atilde;o-jorgense,AGNALDO CARVALHO GUIMARAES,315.088,5543,17.51,98.4,0.743,40.00,26959.24204,23256.3725,49974.20,
S&atilde;o Jorge do Patroc&iacute;nio,4125357,patrocinense,JOSE CARLOS BARALDI,404.690,5586,14.93,97.2,0.676,11.36,40343.7184,29544.98331,20301.66,
S&atilde;o Jos&eacute; da Boa Vista,4125407,boa-vistense,JOS&Eacute; LAZARO FERRAZ,399.667,6160,16.29,99.2,0.671,26.67,23499.10719,21752.1652,23179.46,
S&atilde;o Jos&eacute; das Palmeiras,4125456,s&atilde;o-joseliense,NELTON BRUM,182.419,3627,21.00,99.5,0.713,13.51,17947.11514,14640.28458,20465.85,
S&atilde;o Jos&eacute; dos Pinhais,4125506,s&atilde;o-joseense,MARGARIDA MARIA SINGER,946.435,329058,279.16,97.4,0.758,6.43,1055101.38472,927029.43084,75926.83,
S&atilde;o Manoel do Paran&aacute;,4125555,s&atilde;o manoelense,AGNALDO TREVISAN,95.381,2163,22.00,97.8,0.725,41.67,20782.43149,16019.47495,23363.59,
S&atilde;o Mateus do Sul,4125605,s&atilde;o-mateuense,FERNANDA GARCIA SARDANHA,1341.714,46705,30.75,97.6,0.719,12.35,140758.93869,103354.8364,27418.27,
S&atilde;o Miguel do Igua&ccedil;u,4125704,s&atilde;o-miguelense,BOAVENTURA MANOEL JOAO MOTTA,851.917,27576,30.27,99,0.704,12.14,116421.18432,104152.89182,36719.62,
S&atilde;o Pedro do Igua&ccedil;u,4125753,S&atilde;o pedrense,JOS&Eacute; AROLDO MALVESTIO,308.324,5820,21.05,97.3,0.683,13.33,23006.61637,18568.07813,27928.01,
S&atilde;o Pedro do Iva&iacute;,4125803,ivaiense,MARIA REGINA DELLA ROSA MAGRI,322.692,11046,31.51,97.6,0.717,10.00,33555.62415,29018.40357,27079.68,
S&atilde;o Pedro do Paran&aacute;,4125902,s&atilde;o-pedrense,NEILA DE FATIMA LUIZAO FERNANDES,250.654,2289,9.94,100,0.704,55.56,20679.97631,16676.83922,28116.46,
S&atilde;o Sebasti&atilde;o da Amoreira,4126009,amoreirense,EXILAINE GASPAR,227.982,8859,37.84,99,0.715,26.55,25624.73857,20740.9024,22135.84,
S&atilde;o Tom&eacute;,4126108,s&atilde;o-tomeense,OCELIO CESAR FERREIRA LEITE,218.623,5750,24.47,98.7,0.725,12.35,29264.12453,27978.8575,24275.48,
Sapopema,4126207,sapopemense,PAULO MAXIMIANO DE SOUZA JUNIOR,677.609,6722,9.94,96.7,0.655,11.90,23854.10908,20416.97823,15953.41,
Sarandi,4126256,sarandiense,WALTER VOLPATO,103.501,97803,800.74,96.3,0.695,7.36,217297.36995,177788.87404,16617.93,
Saudade do Igua&ccedil;u,4126272,saudadense,DARLEI TRENTO,152.084,5539,33.06,99,0.699,10.00,49523.56827,44499.06805,145266.27,
Seng&eacute;s,4126306,sengeano,NELSON FERREIRA RAMOS,1441.333,19385,12.81,97.7,0.663,20.00,57112.14103,46157.20937,23760.98,
Serran&oacute;polis do Igua&ccedil;u,4126355,serranopolitano,IVO ROBERTI,482.394,4477,9.44,100,0.762,21.74,29443.5712,24217.85381,43091.07,
Sertaneja,4126405,sertanejano,JAMISON DONIZETE DA SILVA,444.492,5216,13.09,99.6,0.725,34.48,30526.38201,25360.04365,53374.10,
Sertan&oacute;polis,4126504,sertanopolense,ANA RUTH SECCO,505.532,16413,30.93,97.1,0.723,10.81,62567.83107,56511.76848,42088.82,
Siqueira Campos,4126603,siqueirense,LUIZ HENRIQUE GERMANO,278.035,21249,66.37,97.5,0.704,7.46,61000.99279,51883.23567,26060.49,
Sulina,4126652,sulinense,PAULO HORN,170.759,2930,19.88,99.2,0.693,28.57,20098.25066,17344.18985,30707.35,
Tamarana,4126678,tamaranense,LUZIA HARUE SUZUKAWA,472.155,15040,25.97,94.4,0.621,29.85,39689.56157,31670.42513,20888.07,
Tamboara,4126702,tamboarense,ANTONIO CARLOS CAUNETO,193.346,5158,24.12,98.3,0.731,28.99,20204.16999,17119.3188,24630.39,
Tapejara,4126801,tapejarense,RODRIGO DE OLIVEIRA SOUZA KOIKE,591.399,16345,24.68,98.3,0.703,19.42,50743.61432,43030.17544,28146.78,
Tapira,4126900,tapirense,CLAUDIO SIDINEY DE LIMA,434.371,5495,13.44,99.2,0.697,16.67,25763.95988,22536.13642,23109.60,
Teixeira Soares,4127007,teixeira-soarense,LUCINEI CARLOS THOMAZ,902.793,12567,11.39,96.8,0.671,8.00,43229.69219,36435.25281,31212.48,
Tel&ecirc;maco Borba,4127106,tel&ecirc;maco-borbense,MARCIO ARTUR DE MATOS,1382.860,79792,50.53,98.4,0.734,7.81,260173.85717,205589.45144,43918.78,
Terra Boa,4127205,terra-bonense,EDMILSON PEDRO DE MOURA,320.850,17200,49.17,98.8,0.728,8.66,56658.3206,48482.36056,28607.25,
Terra Rica,4127304,terra-riquense,JULIO CESAR DA SILVA LEITE,700.599,16924,21.73,98.8,0.710,10.05,60844.79138,51237.93434,20956.04,
Terra Roxa,4127403,terra-roxense,IVAN REIS DA SILVA,800.807,17522,20.93,97.7,0.714,7.94,73384.75842,63316.9979,38866.78,
Tibagi,4127502,tibagiense,ARTUR RICARDO NOLTE,2951.567,20607,6.55,96.6,0.664,6.60,100971.26924,76061.2327,43874.69,
Tijucas do Sul,4127601,tijucano-do-sul,JOS&Eacute; ALTAIR MOREIRA,671.889,17084,21.64,97.2,0.636,12.24,47904.56132,39840.71109,19517.42,
Toledo,4127700,toledano,LUIS ADALBERTO BETO LUNITTI PAGNUSSATT,1196.756,142645,99.68,98.8,0.768,9.71,538229.17825,437952.68102,44448.08,
Tomazina,4127809,tomazinense,FLAVIO XAVIER DE LIMA ZANROSSO,591.438,7807,14.86,98.4,0.699,11.63,26008.29575,20858.51625,24895.33,
Tr&ecirc;s Barras do Paran&aacute;,4127858,tribarrense,GERSO FRANCISCO GUSSO,504.171,12038,23.45,98.3,0.681,5.41,46330.26474,41646.36392,26456.58,
Tunas do Paran&aacute;,4127882,tunense,MARCO ANTONIO BALD&Atilde;O,668.478,9022,9.36,97.4,0.611,7.69,24012.12047,18041.84933,12947.67,
Tuneiras do Oeste,4127908,tuneirense,TAKETOSHI SAKURADA,698.871,8533,12.44,97.7,0.695,8.62,29703.10854,21886.50421,23395.33,
Tup&atilde;ssi,4127957,tup&atilde;ssiense,LUIZ CARLOS BELETTI,299.769,8109,25.72,98.5,0.730,12.35,34527.4197,29925.62429,42171.14,
Turvo,4127965,turvense,JERONIMO GADENS DO ROSARIO,938.966,13095,15.07,97.5,0.672,8.85,55052.34591,39539.11264,33150.16,
Ubirat&atilde;,4128005,ubiratense,FABIO DE OLIVEIRA DALECIO,652.581,20909,33.03,97.7,0.739,6.35,82142.45535,70444.34875,44835.33,
Umuarama,4128104,umuaramense,CELSO LUIZ POZZOBOM,1234.537,112500,81.67,97.9,0.761,15.32,337496.33192,303817.55734,30659.36,
Uni&atilde;o da Vit&oacute;ria,4128203,uni&atilde;o-vitoriense,BACHIR ABBAS,719.998,57913,73.24,98.2,0.740,9.50,185584.80326,165968.53782,27678.96,
Uniflor,4128302,uniflorense,JOSE BASSI NETO,94.819,2614,26.01,98.3,0.720,55.56,16685.73569,14691.4441,24953.64,
Ura&iacute;,4128401,uraiense,ANGELO TARANTINI FILHO,237.810,11273,48.24,98.6,0.721,20.41,24200.98516,23464.275,25004.27,
Wenceslau Braz,4128500,brazense,ATAHYDE FERREIRA DOS SANTOS JUNIOR,397.916,19386,48.50,98.2,0.687,3.88,54349.14374,49337.14724,28652.64,
Ventania,4128534,ventaniense,ANTONIO HELLY SANTIAGO,819.334,12088,13.11,95.7,0.650,6.33,31377.76781,24912.93406,19565.69,
Vera Cruz do Oeste,4128559,vera-cruzense,MARCOS VILAS BOAS PESCADOR,327.090,8454,27.43,97.7,0.699,28.04,28854.28413,23401.88872,29918.57,
Ver&ecirc;,4128609,vereense,ADEMILSO ROSIN,311.801,7174,25.27,98.1,0.720,8.77,34659.27348,31170.78262,39915.08,
Alto Para&iacute;so,4128625,altoparaisense,DERCIO JARDIM JUNIOR,967.772,2685,3.31,99.4,0.678,36.36,26384.37245,21671.08011,34432.22,
Doutor Ulysses,4128633,ulyssense,MOISEIS BRANCO DA SILVA,777.482,5552,7.33,94.4,0.546,14.29,20683.23057,15683.6924,11111.58,
Virmond,4128658,virmondense,NEIMAR GRANOSKI,243.173,4022,16.24,99.5,0.722,32.79,17839.87906,14596.34952,31730.81,
Vitorino,4128708,vitorinense,MARCIANO VOTTRI,308.218,6859,21.13,97.4,0.702,22.90,27644.17905,24484.02504,52876.69,
Xambr&ecirc;,4128807,xambrense,DECIO JARDIM,359.712,5630,16.71,98.6,0.706,13.70,21321.47699,17509.37545,16608.35,

<table class="fontes-container"><tr><th>Notas:</th></tr><tr><td>Escolariza&ccedil;&atilde;o <span>6 a 14 anos</span>: [popula&ccedil;&atilde;o residente no munic&iacute;pio de 6 a 14 anos de idade matriculada no ensino regular/total de popula&ccedil;&atilde;o residente no munic&iacute;pio de 6 a 14 anos de idade] x 100</td></tr><tr><td>Populao estimada: Para 'dvidas e contestaes' <a href='https://www.ibge.gov.br/estatisticas/sociais/populacao/9103-estimativas-de-populacao.html'>clique aqui</a></td></tr><tr><th>Fontes:</th></tr><tr><td>rea Territorial: &Aacute;rea territorial brasileira. Rio de Janeiro: IBGE, 2018</td></tr><tr><td>Populao estimada: IBGE, Diretoria de Pesquisas, Coordena&ccedil;&atilde;o de Popula&ccedil;&atilde;o e Indicadores Sociais, Estimativas da popula&ccedil;&atilde;o residente com data de refer&ecirc;ncia 1o de julho de 2019</td></tr><tr><td>Densidade demogr&aacute;fica: IBGE, Censo Demogr&aacute;fico 2010, &Aacute;rea territorial brasileira. Rio de Janeiro: IBGE, 2011</td></tr><tr><td>Escolariza&ccedil;&atilde;o <span>6 a 14 anos</span>: IBGE, Censo Demogr&aacute;fico 2010</td></tr><tr><td>IDHM <span>&Iacute;ndice de desenvolvimento humano municipal</span>: Programa das Na&ccedil;&otilde;es Unidas para o Desenvolvimento - PNUD</td></tr><tr><td>Mortalidade infantil: Minist&eacute;rio da Sa&uacute;de, Departamento de Inform&aacute;tica do Sistema &Uacute;nico de Sa&uacute;de - DATASUS 2017</td></tr><tr><td>Receitas realizadas: Contas anuais. Receitas or&ccedil;ament&aacute;rias realizadas (Anexo I-C) 2017 e Despesas or&ccedil;ament&aacute;rias empenhadas (Anexo I-D) 2017. In: Brasil. Secretaria do Tesouro Nacional, Siconfi: Sistema de Informa&ccedil;&otilde;es Cont&aacute;beis e Fiscais do Setor P&uacute;blico Brasileiro. Bras&iacute;lia, DF, [2018]. Dispon&iacute;vel em: https://siconfi.tesouro.gov.br/siconfi/pages/public/consulta_finbra/finbra_list.jsf. Acesso em: set. 2018</td></tr><tr><td>Despesas empenhadas: Contas anuais. Receitas or&ccedil;ament&aacute;rias realizadas (Anexo I-C) 2017 e Despesas or&ccedil;ament&aacute;rias empenhadas (Anexo I-D) 2017. In: Brasil. Secretaria do Tesouro Nacional, Siconfi: Sistema de Informa&ccedil;&otilde;es Cont&aacute;beis e Fiscais do Setor P&uacute;blico Brasileiro. Bras&iacute;lia, DF, [2018]. Dispon&iacute;vel em: https://siconfi.tesouro.gov.br/siconfi/pages/public/consulta_finbra/finbra_list.jsf. Acesso em: set. 2018</td></tr><tr><td>PIB per capita: IBGE, em parceria com os &Oacute;rg&atilde;os Estaduais de Estat&iacute;stica, Secretarias Estaduais de Governo e Superintend&ecirc;ncia da Zona Franca de Manaus - SUFRAMA</td></tr></table>