Para&iacute;ba | Todos os Munic&iacute;pios
Munic&iacute;pio [-],C&oacute;digo [-],Gent&iacute;lico [-],Prefeito [2021],&Aacute;rea Territorial - km&sup2; [2020],Popula&ccedil;&atilde;o estimada - pessoas [2020],Densidade demogr&aacute;fica - hab/km&sup2; [2010],Escolariza&ccedil;&atilde;o &lt;span&gt;6 a 14 anos&lt;/span&gt; - % [2010],IDHM &lt;span&gt;&Iacute;ndice de desenvolvimento humano municipal&lt;/span&gt; [2010],Mortalidade infantil - &oacute;bitos por mil nascidos vivos [2015],Receitas realizadas - R$ (&times;1000) [2017],Despesas empenhadas - R$ (&times;1000) [2017],PIB per capita - R$ [2018],
&Aacute;gua Branca,2500106,agua branquense,EVERTON FIRMINO BATISTA,241.662,10306,39.94,97.6,0.572,9.26,24636.41005,23228.10166,7902.92,
Aguiar,2500205,aguiarense,MANOEL BATISTA GUEDES FILHO,351.607,5630,16.04,98.9,0.597,14.29,18851.68017,18417.05179,8324.52,
Alagoa Grande,2500304,alagoa-grandense,ANT&Ocirc;NIO DA SILVA SOBRINHO,322.071,28439,88.84,97.4,0.582,16.81,50172.09386,49154.32307,9042.25,
Alagoa Nova,2500403,alagoa-novense,FRANCINILDO PIMENTEL DA SILVA,128.230,20921,160.98,97.9,0.576,24.17,41347.8365,40184.92284,14002.94,
Alagoinha,2500502,alagoinhense,MARIA RODRIGUES DE ALMEIDA FARIAS,111.361,14560,139.99,98.7,0.595,8.47,36867.87533,32853.50294,7676.78,
Alcantil,2500536,alcantilense,CICERO JOS&Eacute; FERNANDES DO CARMO,309.896,5509,17.15,95.7,0.578,21.58,16433.77729,15580.97516,7746.28,
Algod&atilde;o de Janda&iacute;ra,2500577,algodoense,HUMBERTO DOS SANTOS,222.740,2577,10.74,98.5,0.548,34.48,14505.78893,12536.33916,10345.52,
Alhandra,2500601,alhandrense,MARCELO RODRIGUES DA COSTA,183.974,19727,98.58,96.3,0.582,6.98,67916.06185,65129.21428,63198.20,
S&atilde;o Jo&atilde;o do Rio do Peixe,2500700,s&atilde;o-joanense,LUIZ CLAUDINO DE CARVALHO FLOR&Ecirc;NCIO,476.238,18026,38.36,98.7,0.608,16.04,36619.12592,33892.3888,10424.95,
Amparo,2500734,amparense,INACIO LUIZ NOBREGA DA SILVA,122.094,2251,17.12,98.1,0.606,51.28,12822.70733,11568.39916,11497.60,
Aparecida,2500775,aparecidense,JO&Atilde;O RABELO DE S&Aacute; NETO,291.478,8416,25.96,96.2,0.578,27.78,18205.01716,16286.96244,9412.90,
Ara&ccedil;agi,2500809,ara&ccedil;agiense,JOSILDA MACENA BENICIO LEITE,232.177,16921,74.51,95,0.549,9.90,32400.05648,31923.96695,9138.13,
Arara,2500908,araraense,JOS&Eacute; AILTON PEREIRA DA SILVA,91.306,13542,127.66,97.3,0.548,9.35,26312.69386,23928.00804,7566.77,
Araruna,2501005,ararunense,VITAL DA COSTA ARAUJO,246.717,20463,76.83,97.5,0.567,18.78,39593.81219,38425.87595,8221.53,
Areia,2501104,areiense,SILVIA CESAR FARIAS DA CUNHA LIMA,269.130,22656,88.42,97.5,0.594,8.38,37908.31601,33485.75741,10249.84,
Areia de Bara&uacute;nas,2501153,baraunense,ANT&Ocirc;NIO GER&Ocirc;NIMO DUARTE MACEDO,114.078,2116,20.00,98.8,0.562,34.48,12216.30318,10960.38357,9336.06,
Areial,2501203,areialense,ADELSON GON&Ccedil;ALVES BENJAMIN,35.810,7027,195.22,98.1,0.608,37.74,17636.06159,14716.05065,7535.95,
Aroeiras,2501302,aroeirense,DOMINGOS MARQUES BARBOSA FILHO,376.118,19116,50.93,97.9,0.548,15.77,41678.76632,38076.27269,8020.47,
Assun&ccedil;&atilde;o,2501351,assun&ccedil;&atilde;oense,LUIZ WALDVOGEL DE OLIVEIRA SANTOS,132.139,4029,27.86,99,0.609,14.93,14571.05044,14208.01084,9697.59,
Ba&iacute;a da Trai&ccedil;&atilde;o,2501401,baianense,EUCLIDES SERGIO COSTA DE LIMA JUNIOR,102.756,9096,78.27,98.7,0.581,11.70,21052.17939,19773.67923,9647.70,
Bananeiras,2501500,bananeirense,MATHEUS DE MELO BEZERRA CAVALCANTI,255.641,21269,84.72,94.6,0.568,24.39,47274.32421,50559.91644,11279.55,
Bara&uacute;na,2501534,baraunense,MANASSES GOMES DANTAS,50.030,4964,83.43,97,0.558,21.28,15529.72975,13777.46205,8738.71,
Barra de Santana,2501575,barrasantense,CACILDA FARIAS LOPES DE ANDRADE,375.177,8349,21.77,97.6,0.567,40.00,21042.30837,19316.18356,8925.13,
Barra de Santa Rosa,2501609,santa rosense,JOVINO PEREIRA NEPOMUCENO NETO,781.187,15497,18.25,96.9,0.562,7.19,31669.20336,30115.92353,8354.37,
Barra de S&atilde;o Miguel,2501708,barrense,JO&Atilde;O BATISTA TRUTA,609.697,6065,9.43,97.4,0.572,15.15,15110.43873,16991.18917,9953.94,
Bayeux,2501807,baienense,LUCIENE ANDRADE GOMES MARTINHO,27.705,97203,3118.76,96.4,0.649,9.57,167381.08685,170333.49181,13922.53,
Bel&eacute;m,2501906,belenense,ALINE BARBOSA DE LIMA,99.609,17705,170.67,94.7,0.592,15.63,30581.50367,29682.43062,10331.85,
Bel&eacute;m do Brejo do Cruz,2502003,belenense do brejo do cruz,EVANDRO MAIA PIMENTA,601.549,7349,11.84,96.4,0.578,28.57,24201.67127,24005.35271,8876.56,
Bernardino Batista,2502052,batistense,ANTONIO ALDO ANDRADE DE SOUSA,57.453,3536,60.74,98.7,0.558,127.27,16353.8948,16251.66122,9835.44,
Boa Ventura,2502102,boa-venturense,TALITA LOPES DOS SANTOS,168.664,5307,33.71,97.6,0.599,11.63,14586.38488,14389.10562,8037.85,
Boa Vista,2502151,boavistense,ANDRE LUIZ GOMES DE ARAUJO,468.933,7136,13.07,98.4,0.649,11.24,25068.85377,22455.55345,22414.02,
Bom Jesus,2502201,bom-jesuense,DENISE BANDEIRA DE MELO BARBOSA PEREIRA,47.367,2575,50.39,99,0.597,26.32,18350.7429,15707.12592,10751.75,
Bom Sucesso,2502300,bom-sucessense,PEDRO CAETANO SOBRINHO,186.059,4956,27.35,96.4,0.592,22.22,15529.09074,13436.38466,8368.21,
Bonito de Santa F&eacute;,2502409,bonitense,ANTONIO LUCENA FILHO,226.798,12022,47.32,96.3,0.574,23.08,25595.50336,28208.93601,7779.78,
Boqueir&atilde;o,2502508,boqueir&atilde;oense,JO&Atilde;O MARCOS DE FREITAS,373.077,17870,45.40,96,0.607,4.05,40130.05857,37044.14401,11674.69,
Igaracy,2502607,igaraciense,JOS&Eacute; CARNEIRO ALMEIDA DA SILVA,197.058,6105,32.02,97.9,0.610,14.93,14625.89633,13495.52666,8707.43,
Borborema,2502706,borboremense,GILENE C&Acirc;NDIDO DA SILVA LEITE CARDOSO,26.107,5287,196.74,98.2,0.558,23.53,15073.22345,13470.33133,11028.17,
Brejo do Cruz,2502805,brejo-cruzense,TALES  TORRICELLI DE SOUSA COSTA E SILVA,401.315,14206,32.90,97.2,0.597,19.74,36758.06524,32946.04618,9007.60,
Brejo dos Santos,2502904,brejo-santense,LAURI FERREIRA DA COSTA,93.857,6464,66.04,96.7,0.619,11.11,16518.36822,14914.35394,8409.99,
Caapor&atilde;,2503001,caapor&atilde;ense,CRISTIANO FERREIRA MONTEIRO,151.018,21955,135.59,98.1,0.602,12.56,67409.58974,68034.3308,15225.27,
Cabaceiras,2503100,cabaceirense,TIAGO MARCONE CASTRO DA ROCHA,469.171,5661,11.12,99.7,0.611,30.77,17060.10179,14791.49248,10350.10,
Cabedelo,2503209,cabedelense,VITOR HUGO PEIXOTO CASTELLIANO,29.873,68767,1815.57,97.3,0.748,7.57,282374.53161,225136.87261,41104.03,
Cachoeira dos &Iacute;ndios,2503308,cachoeirense (dos &Iacute;ndios),ALLAN SEIXAS DE SOUSA,193.215,10305,49.44,95.8,0.587,19.61,25473.4028,23441.58065,11129.97,
Cacimba de Areia,2503407,cacimbense (de Areia),PAULO ROGERIO DE LIRA CAMPOS,213.018,3695,16.14,93.4,0.596,24.39,13546.04873,13200.03493,9131.59,
Cacimba de Dentro,2503506,cacimbense (de Dentro),VALDINELE GOMES COSTA,165.072,17178,102.32,97.2,0.564,31.39,33839.19175,29023.50173,7510.85,
Cacimbas,2503555,cacimbense,NILTON DE ALMEIDA,124.068,7199,53.85,96.4,0.523,23.26,16569.11592,13730.49585,7622.85,
Cai&ccedil;ara,2503605,cai&ccedil;arense,TARCISIO ALBERTO LOPES SOARES,123.677,7191,56.44,97.7,0.592,12.99,16542.70415,15763.13753,7920.21,
Cajazeiras,2503704,cajazeirense,JOS&Eacute; ALDEMIR MEIRELES DE ALMEIDA,562.703,62289,103.28,97.2,0.679,16.45,116751.94321,119997.3811,17373.93,
Cajazeirinhas,2503753,cajazeirinhense,FRANCISCO DE ASSIS RODRIGUES DE LIMA,282.693,3205,10.54,96.8,0.550,19.61,14230.5733,13082.93041,10287.71,
Caldas Brand&atilde;o,2503803,caldas-brandense,F&Aacute;BIO ROLIM PEIXOTO,55.963,6046,100.92,96.4,0.568,25.64,20513.42965,18220.86962,11232.84,
Camala&uacute;,2503902,camalauense,ALECSANDRO BEZERRA DOS SANTOS,541.841,6031,10.57,96.8,0.567,30.93,17374.55971,15773.26798,10558.20,
Campina Grande,2504009,campinense,BRUNO CUNHA LIMA BRANCO,591.658,411807,648.31,97.6,0.720,13.55,888332.36289,892403.17871,22583.86,
Capim,2504033,capiense,TIAGO ROBERTO LISBOA,79.876,6620,71.65,95.6,0.533,9.26,18449.72988,14971.41275,9391.17,
Cara&uacute;bas,2504074,cara&uacute;bense,JOSE SILVANO FERNANDES DA SILVA,486.622,4185,7.84,98.3,0.585,22.73,13857.28185,12534.27694,8799.61,
Carrapateira,2504108,carrapateirense,MARINEIDIA DA SILVA PEREIRA,59.070,2687,43.61,98.4,0.603,62.50,12566.19638,11662.02048,9806.15,
Casserengue,2504157,cassereguense,ANTONIO JUDIVAN DE SOUSA,202.761,7499,35.05,98.2,0.514,9.71,19107.819,17333.46762,8189.34,
Catingueira,2504207,catingueirense,SUELIO FELIX DE ALENCAR,527.424,4935,9.09,97.1,0.574,52.63,15329.41696,13211.10648,8810.65,
Catol&eacute; do Rocha,2504306,catoleense,LAURO ADOLFO MAIA SERAFIM,551.765,30684,52.09,98,0.640,7.75,52724.23339,49041.30494,13134.84,
Caturit&eacute;,2504355,caturiteense,JOS&Eacute; GERVAZIO DA CRUZ,117.823,4875,38.47,99.5,0.623,29.85,16155.89819,15808.36715,11489.11,
Concei&ccedil;&atilde;o,2504405,concei&ccedil;&atilde;oense,SAMUEL SOARES LAVOR DE LACERDA,580.650,19007,31.69,95.7,0.592,27.03,39957.94747,38864.04912,9093.78,
Condado,2504504,condadense,JORGE HENRIQUE DE ALMEIDA,265.473,6658,23.44,97.1,0.594,11.76,17044.33779,16795.20646,9075.85,
Conde,2504603,condense,KARLA MARIA MARTINS PIMENTEL R&Eacute;GIS,171.267,25010,123.74,95.6,0.618,24.61,82450.64455,68804.65408,28948.22,
Congo,2504702,congoense,ROMUALDO ANTONIO QUIRINO DE SOUSA,324.686,4787,14.06,98.6,0.581,12.05,15489.18536,13912.65375,10860.43,
Coremas,2504801,coremense,FRANCISCA DAS CHAGAS ANDRADE DE OLIVEIRA,372.012,15441,39.92,94.6,0.592,9.52,30668.96611,28478.78023,9798.57,
Coxixola,2504850,coxixolense,NELSON JOSE NEVES HONORATO,173.942,1935,10.43,98.2,0.641,43.48,11127.64566,9302.0159,10636.41,
Cruz do Esp&iacute;rito Santo,2504900,Santo esp&iacute;rito-santense,ALINY CIBELY CUNHA DA SILVA FARIAS,192.512,17461,83.12,96.1,0.552,6.19,33453.24544,31785.25526,7680.78,
Cubati,2505006,cubatiense,JOS&Eacute; RIBEIRO DE OLIVEIRA,163.570,7832,50.13,98.3,0.566,10.75,19706.70287,19164.27733,8095.86,
Cuit&eacute;,2505105,cuiteense,CHARLES CRISTIANO IN&Aacute;CIO DA SILVA,733.818,20334,26.93,98.3,0.591,15.21,44324.70324,41114.24782,10139.34,
Cuitegi,2505204,cuitegiense,GERALDO ALVES SERAFIM,42.091,6775,175.28,96.5,0.570,15.27,19534.00578,19128.53946,8370.05,
Cuit&eacute; de Mamanguape,2505238,cuiteense,H&Eacute;LIO SEVERINO DE SOUZA,107.680,6356,57.19,98.4,0.524,10.87,17621.25705,15993.14189,9989.12,
Curral de Cima,2505279,curralense de cima,ANTONIO RIBEIRO SOBRINHO,86.428,5218,61.21,97.3,0.529,14.08,15697.39438,14256.83865,9257.05,
Curral Velho,2505303,curral-velhense,T&Aacute;CIO SAMUEL BARBOSA DINIZ,217.624,2512,11.24,99.1,0.606,33.33,9822.2156,8180.60094,8793.50,
Dami&atilde;o,2505352,dami&atilde;oense,SIMONE DE AZEVEDO SANTOS CASADO,186.198,5370,26.39,97.4,0.521,13.70,17421.64873,16039.55785,7991.37,
Desterro,2505402,desterrense,VALT&Eacute;CIO DE ALMEIDA JUSTO,182.018,8315,44.55,97.6,0.580,18.18,18092.97649,18173.77486,7373.61,
Vista Serrana,2505501,vista-serranense,S&Eacute;RGIO GARCIA DA N&Oacute;BREGA,60.390,3824,57.24,92.9,0.566,26.32,12611.68834,12697.28995,9023.31,
Diamante,2505600,diamantense,HERMES MANGUEIRA DINIZ FILHO,271.791,6528,24.58,95.4,0.593,13.51,17810.73313,19812.80178,8104.65,
Dona In&ecirc;s,2505709,inesense,ANTONIO JUSTINO DE ARAUJO NETO,173.648,10413,63.29,98.1,0.545,6.85,27929.95424,25402.76425,7743.25,
Duas Estradas,2505808,duas-estradense,JOYCE RENALLY FELIX NUNES,27.012,3582,138.53,97.1,0.603,21.28,15177.72947,12932.12125,10963.99,
Emas,2505907,emense,ANA ALVES DE ARAUJO LOUREIRO,248.226,3539,13.77,99.5,0.595,28.57,16491.5723,12372.20856,9625.25,
Esperan&ccedil;a,2506004,esperancense,NOBSON PEDRO DE ALMEIDA,157.851,33199,189.86,97.3,0.623,16.74,72685.99291,68791.87483,12334.99,
Fagundes,2506103,fagundense,MAGNA MADALENA BRASIL RISUCCI,185.061,11215,60.34,97.6,0.560,5.52,23888.61428,22751.54991,8195.91,
Frei Martinho,2506202,frei-martinhense,SEBASTI&Atilde;O PINTO DANTAS,238.658,2989,12.00,100,0.641,47.62,14942.52264,13346.82277,9605.35,
Gado Bravo,2506251,gadobravense,PAULO ALVES MONTEIRO,192.420,8303,43.53,96.8,0.513,37.38,20167.73151,18528.23729,7665.94,
Guarabira,2506301,guarabirense,MARCUS DIOGO DE LIMA,162.387,59115,333.80,95.7,0.673,10.60,118228.05402,103331.72644,16588.18,
Gurinh&eacute;m,2506400,gurinheense,TARCISIO SAULO DE PAIVA,340.408,14127,40.08,97.2,0.556,15.00,31344.09557,29584.6477,9452.44,
Gurj&atilde;o,2506509,gurjaense,JOS&Eacute; ELIAS BORGES BATISTA,344.502,3453,9.20,98.3,0.625,23.26,15219.57605,13642.63941,9296.05,
Ibiara,2506608,ibiarense,FRANCISCO NENIVALDO DE SOUSA,240.357,5903,24.67,96.1,0.586,29.85,23785.05369,21862.21162,8208.04,
Imaculada,2506707,imaculadense,JOSE LUCIANO LUSTOSA RAMALHO,317.804,11848,35.81,97.9,0.557,30.08,21376.85488,22339.47853,6515.62,
Ing&aacute;,2506806,ingaense,ROBERIO LOPES BURITY,262.179,18144,63.13,97.7,0.592,3.62,38780.34432,35215.78761,9223.54,
Itabaiana,2506905,itabaianense,L&Uacute;CIO FL&Aacute;VIO ARA&Uacute;JO COSTA,210.572,24419,111.86,96.7,0.613,5.43,38041.37824,36199.8721,11812.71,
Itaporanga,2507002,itaporanguense,DIVALDO DANTAS,460.210,24828,49.55,97,0.615,5.67,48865.38497,45689.81049,11443.39,
Itapororoca,2507101,itapororoquense,ELISSANDRA MARIA CONCEICAO DE BRITO,145.806,18823,116.36,97.1,0.564,7.63,34867.43874,32910.34138,9395.04,
Itatuba,2507200,itatubense,JOSMAR LACERDA MARTINS,251.749,11016,41.77,95.6,0.562,21.43,25636.25942,21609.39512,10326.56,
Jacara&uacute;,2507309,jacarauense,ELIAS COSTA PAULINO LUCAS,256.845,14450,55.10,97.7,0.558,11.67,37601.71343,34637.34348,8821.68,
Jeric&oacute;,2507408,jericoense,KADSON VALBERTO LOPES MONTEIRO,177.356,7745,42.04,98.1,0.603,24.10,17555.24854,14457.83104,8388.30,
Jo&atilde;o Pessoa,2507507,pessoense,CICERO DE LUCENA FILHO,210.044,817511,3421.28,96.9,0.763,12.92,2073781.42315,1921360.54193,25035.80,
Juarez T&aacute;vora,2507606,tavorense,WILSON EVANGELISTA FEITOSA,75.678,7976,105.29,97.8,0.579,27.78,21547.67026,18382.88863,7980.86,
Juazeirinho,2507705,juazeirinhense,ANNA VIRG&Iacute;NIA DE BRITO MATIAS,474.606,18298,35.88,97.8,0.567,25.97,39901.0061,36885.8555,9723.05,
Junco do Serid&oacute;,2507804,juncoense,PAULO NEIDE MELO FRAGOSO,180.425,7195,38.98,96.2,0.617,21.05,16650.03238,15302.70888,9913.62,
Juripiranga,2507903,juripiranguense,ANTONIO MAROJA GUEDES FILHO,78.706,10793,129.84,97.5,0.548,4.65,23544.5543,22267.49122,9178.66,
Juru,2508000,juruense,SOLANGE MARIA F&Eacute;LIX BARBOSA,395.075,9849,24.37,97.2,0.570,9.09,24228.05078,23577.85062,7466.04,
Lagoa,2508109,lagoense,MARIA RODRIGUES LINHARES DE LIMA,176.649,4653,26.31,93.8,0.563,22.73,13371.94066,11402.29731,8130.85,
Lagoa de Dentro,2508208,lagoa-dentrense,JOSE PEDRO DA SILVA,83.508,7737,87.21,97.6,0.570,15.15,22999.06357,21119.03304,9565.45,
Lagoa Seca,2508307,lagoa-sequense,F&Aacute;BIO RAMALHO DA SILVA,108.219,27617,240.73,97.4,0.627,4.91,58303.46656,56724.29052,10012.27,
Lastro,2508406,lastrense,ATHAIDE GON&Ccedil;ALVES DINIZ,107.416,2718,27.67,98.1,0.533,18.18,13430.69602,12712.79012,9572.42,
Livramento,2508505,livramentense,ERNANDES BARBOZA N&Oacute;BREGA,266.948,7265,27.53,97.3,0.566,28.85,18430.66759,17932.41865,7751.67,
Logradouro,2508554,logradourense,JOSE MARINALDO DA CRUZ,42.876,4369,103.75,98.6,0.583,17.86,14621.9789,13412.23218,9395.86,
Lucena,2508604,lucenense,LEOMAX DA COSTA BANDEIRA,93.800,13214,131.88,94.4,0.583,13.10,26792.30802,22869.29798,14983.82,
M&atilde;e d'&Aacute;gua,2508703,m&atilde;e-daguense,FRANCISCO CIRINO DA SILVA,228.676,3999,16.49,96.4,0.542,23.26,14762.87198,12335.96137,8116.42,
Malta,2508802,maltense,IGOR XAVIER DE LUCENA,172.010,5752,35.93,96.7,0.642,16.13,14236.80888,14958.29333,9473.64,
Mamanguape,2508901,mamanguapense,MARIA EUNICE DO NASCIMENTO PESSOA,337.434,45136,124.23,96.5,0.585,10.06,77091.34953,68118.12327,14387.47,
Mana&iacute;ra,2509008,manairense,MANOEL VIRGULINO SIM&Atilde;O,352.025,10972,30.52,95.8,0.543,24.79,24926.34551,20488.56896,6869.18,
Marca&ccedil;&atilde;o,2509057,marca&ccedil;&atilde;oense,ELISELMA SILVA DE OLIVEIRA,122.665,8653,61.91,97.8,0.529,6.21,18847.55946,17042.81182,9068.88,
Mari,2509107,mariense,ANTONIO GOMES DA SILVA,155.265,21866,136.77,98.7,0.548,10.68,40107.3635,39301.79544,9279.95,
Mariz&oacute;polis,2509156,marizopolense,LUCAS GON&Ccedil;ALVES BRAGA,69.952,6654,97.04,97.3,0.608,22.47,20819.99229,18703.16104,9573.54,
Massaranduba,2509206,massarandubense,PAULO FRACINETTE DE OLIVEIRA,209.402,13998,62.64,98.5,0.567,11.76,29542.70463,28207.27662,7868.74,
Mataraca,2509305,mataraquense,EGBERTO COUTINHO MADRUGA,182.439,8539,40.19,98,0.536,5.95,33479.4305,28353.53779,27477.56,
Matinhas,2509339,matinhense,BENEDITO BRAZ DA SILVA,36.522,4515,113.34,96.9,0.541,23.26,14254.77507,13301.55177,10385.95,
Mato Grosso,2509370,matogrossense,RAIMUNDO JOSE DE LIMA,85.275,2926,32.35,94.4,0.565,41.67,13129.92931,11197.60097,8996.46,
Matur&eacute;ia,2509396,matureense,JOS&Eacute; PEREIRA FREITAS DA SILVA,83.053,6630,70.97,98.4,0.572,19.23,18552.79454,17534.80963,7928.77,
Mogeiro,2509404,mogeirense,ANTONIO JOSE FERREIRA,214.093,13261,64.41,98.6,0.574,21.62,29478.74903,30180.71516,9666.80,
Montadas,2509503,montadense,JONAS DE SOUZA,31.793,5738,157.97,97,0.590,40.82,18321.89916,17351.18948,8383.09,
Monte Horebe,2509602,horebense,MARCOS ERON NOGUEIRA,116.854,4842,38.80,98.5,0.587,40.82,15565.24745,14443.86047,7636.25,
Monteiro,2509701,monteirense,ANNA LORENA DE FARIAS LEITE NOBREGA,992.620,33433,31.28,97.5,0.628,14.23,75035.17335,74260.97023,15980.78,
Mulungu,2509800,mulunguense,MELQUIADES JO&Atilde;O DO NASCIMENTO SILVA,187.259,9932,48.48,98.2,0.565,15.87,18747.43693,15729.68515,7756.48,
Natuba,2509909,natubense,JOSE LINS DA SILVA FILHO,202.173,10451,51.53,99.3,0.541,11.24,25013.63409,24781.83629,7841.76,
Nazarezinho,2510006,nazarezinhense,MARCELO BATISTA VALE,193.203,7286,38.02,96.5,0.562,15.15,20255.47996,19903.24835,7975.39,
Nova Floresta,2510105,nova-florestense,JARSON SANTOS DA SILVA,47.572,10626,222.31,96.7,0.601,11.76,20585.65126,18436.17346,8024.47,
Nova Olinda,2510204,nova-olindense,DIOGO RICHELLI ROSAS,81.516,5920,72.04,97.4,0.573,40.00,16969.10844,17508.50345,8186.34,
Nova Palmeira,2510303,nova-palmeirense,AILTON GOMES MEDEIROS,314.748,4959,14.05,99.1,0.595,24.39,15883.48457,14474.0388,8663.13,
Olho d'&Aacute;gua,2510402,olho-daguense,JOANA SABINO DE ALMEIDA CARVALHO,580.470,6462,11.63,98,0.572,8.13,18000.46397,16859.13857,8264.66,
Olivedos,2510501,olivedense,JOSE DE DEUS ANIBAL LEONARDO,314.625,3961,11.41,98.8,0.603,24.39,13924.584,12450.50405,9418.52,
Ouro Velho,2510600,ouro-velhense,AUGUSTO SANTA CRUZ VALADARES,128.110,3046,22.63,92.3,0.614,23.81,13350.54533,12115.37675,10186.15,
Parari,2510659,parariense,GENIVAL AIRES DE QUEIROZ FILHO,207.814,1758,9.78,99.5,0.584,26.32,11931.68606,10770.24335,10573.68,
Passagem,2510709,passagense,JOSIVALDO ALEXANDRE DA SILVA,123.422,2436,19.96,97.7,0.620,34.48,11615.94577,12143.78943,9788.37,
Patos,2510808,patoense,NABOR WANDERLEY DA N&Oacute;BREGA FILHO,472.892,108192,212.82,97.8,0.701,15.29,226867.5037,225987.55017,16208.14,
Paulista,2510907,paulistense,VALMAR ARRUDA DE OLIVEIRA,577.379,12379,20.43,96,0.587,6.41,29614.91665,26236.87076,10897.58,
Pedra Branca,2511004,pedra-branquense,JOSEMARIO BASTOS DE SOUZA,116.873,3802,32.95,97.9,0.599,50.00,18336.03564,18809.66008,8167.18,
Pedra Lavrada,2511103,pedra-lavradense,JOSE ANTONIO VASCONCELOS DA COSTA,335.615,7899,21.26,98.8,0.574,11.76,21632.12132,21186.90097,9229.35,
Pedras de Fogo,2511202,pedras-foguense,MANOEL ALVES DA SILVA JUNIOR,406.729,28533,67.51,96.8,0.590,16.61,82425.27513,90968.1407,14740.66,
Pianc&oacute;,2511301,piancoense,DANIEL GALDINO DE ARA&Uacute;JO PEREIRA,576.986,16111,27.38,97.4,0.621,16.95,47975.8222,45731.16334,11176.75,
Picu&iacute;,2511400,picu&iacute;ense,OLIV&Acirc;NIO DANTAS REM&Iacute;GIO,667.714,18720,27.54,97.7,0.608,11.81,45051.77553,44246.05425,9801.58,
Pilar,2511509,pilarense,JOS&Eacute; BENIC&Iacute;O DE ARA&Uacute;JO NETO,103.306,11977,109.29,97.2,0.579,5.21,24056.26108,21527.33701,8221.63,
Pil&otilde;es,2511608,piloense,MARIA DO SOCORRO SANTOS BRILHANTE,65.574,6576,108.28,97.5,0.560,16.00,22900.23932,20176.90663,11447.82,
Pil&otilde;ezinhos,2511707,pil&otilde;ezinhense,MARCELO MATIAS CAMELO,40.908,4955,117.42,96,0.564,10.53,12849.96003,11686.60029,9267.89,
Pirpirituba,2511806,pirpiritubense,DENILSON DE FREITAS SILVA,80.672,10584,129.33,96.6,0.595,7.69,28020.31512,19178.27616,8320.31,
Pitimbu,2511905,pitimbuense,JORGE LUIZ DE LIMA SANTOS,135.801,19275,124.78,97.3,0.570,24.82,6368.21618,4665.99158,13555.07,
Pocinhos,2512002,pocinhense,ELIANE MOURA DOS SANTOS GALDINO,623.967,18708,27.12,98.2,0.591,19.92,40251.13972,39104.89791,12589.32,
Po&ccedil;o Dantas,2512036,po&ccedil;odantense,ITAMAR MOREIRA FERNANDES,97.758,3882,38.57,98.4,0.525,17.54,19054.23235,18118.64085,9126.12,
Po&ccedil;o de Jos&eacute; de Moura,2512077,pocense,PAULO BRAZ DE MOURA,94.646,4337,39.40,98.5,0.612,24.39,20162.4889,18651.09651,9793.27,
Pombal,2512101,pombalense,ABMAEL DE SOUSA LACERDA,894.099,32802,36.13,95.4,0.634,4.57,64615.36882,59217.99476,12083.64,
Prata,2512200,prataense,GENIVALDO FERNANDES DA SILVA,201.788,4238,20.07,98.9,0.608,18.52,14888.45801,14720.93381,12786.33,
Princesa Isabel,2512309,princesense,RICARDO PEREIRA DO NASCIMENTO,368.569,23549,57.84,95.7,0.606,19.84,44942.71642,44734.59511,9820.07,
Puxinan&atilde;,2512408,puxinanaense,FELIPE GURGEL COUTINHO,71.118,13741,177.81,98.4,0.617,14.29,27068.27521,24461.33687,7605.28,
Queimadas,2512507,queimadense,JOSE CARLOS DE SOUSA R&Ecirc;GO,402.748,44179,102.17,96.6,0.608,25.30,92727.23343,83188.317,11037.55,
Quixaba,2512606,quixabense,CL&Aacute;UDIA MAC&Aacute;RIO LOPES,147.158,1983,10.84,99,0.622,-,13157.62161,11611.55318,11752.55,
Rem&iacute;gio,2512705,remigioense,FRANCISCO ANDR&Eacute; ALVES,183.459,19798,98.77,97.1,0.607,17.79,41987.94514,38604.95502,8680.42,
Pedro R&eacute;gis,2512721,pedroregense,MICHELE RIBEIRO DE OLIVEIRA,74.216,6114,78.37,99.1,0.542,20.83,17085.39967,15177.9529,7962.88,
Riach&atilde;o,2512747,riach&atilde;oense,MARIA DA LUZ DOS SANTOS LIMA,85.291,3619,36.23,98.8,0.574,42.55,14901.06743,13064.44227,8962.90,
Riach&atilde;o do Bacamarte,2512754,riachonense,JOSE DE ARIMATEA DA SILVA,40.281,4541,111.13,96.9,0.553,14.71,14834.55414,12915.17408,9433.23,
Riach&atilde;o do Po&ccedil;o,2512762,riach&atilde;oense,MARIA AUXILIADORA DIAS DO REGO,40.460,4540,104.35,97.4,0.555,29.41,16324.05581,15456.37285,10111.15,
Riacho de Santo Ant&ocirc;nio,2512788,riachoantoniense,GILSON GON&Ccedil;ALVES DE LIMA,93.654,1974,18.86,98,0.594,38.46,13097.6261,11837.04496,12790.89,
Riacho dos Cavalos,2512804,riachoense,FRANCISCO EUDES VIEIRA DE ARAUJO,262.532,8541,31.49,97.1,0.568,18.18,20918.69514,19619.33252,8544.64,
Rio Tinto,2512903,rio-tintense,MAGNA CELI FERNANDES GERBASI,465.240,24218,49.42,97.6,0.585,19.94,48729.91829,46094.80972,10163.45,
Salgadinho,2513000,salgadinhense,MARCOS ANTONIO ALVES,179.005,3931,19.04,97.6,0.563,23.81,13609.12065,10977.29631,6877.58,
Salgado de S&atilde;o F&eacute;lix,2513109,salgadense,JONI MARCOS SOUZA DE OLIVEIRA,204.079,12131,59.33,97.3,0.568,23.08,27057.50407,25885.19541,10351.73,
Santa Cec&iacute;lia,2513158,ceciliense,JOSE MAC&Iacute;LIO FARIAS DA SILVA,217.577,6541,29.22,98.5,0.525,10.42,21331.06982,18896.18244,8124.67,
Santa Cruz,2513208,santa-cruzense,PAULO C&Eacute;SAR FERREIRA BATISTA,217.677,6581,30.79,96.5,0.618,31.75,17816.57816,17545.3977,8314.50,
Santa Helena,2513307,santa-helenense,JOAO CLEBER FERREIRA LIMA,211.143,5871,25.53,98.5,0.609,14.08,16518.33248,15810.09066,8801.19,
Santa In&ecirc;s,2513356,santineense,FELIX HENRIQUE LEITE VIEIRA,327.635,3593,10.91,96.2,0.572,46.51,13752.94461,12230.92933,8242.10,
Santa Luzia,2513406,santa-luziense,JOS&Eacute; ALEXANDRE DE ARA&Uacute;JO,440.766,15426,32.30,97.8,0.682,5.13,37348.35751,34805.56716,15200.87,
Santana de Mangueira,2513505,santanense,NERIVAL IN&Aacute;CIO DE QUEIROZ,405.164,5129,13.26,94.5,0.535,15.63,18234.79041,13617.78786,8149.49,
Santana dos Garrotes,2513604,santana-garrotense,JOS&Eacute; PAULO FILHO,361.484,6986,20.54,96.2,0.594,11.90,16941.05324,16328.55799,7885.28,
Joca Claudino,2513653,Joca-Claudinense,RINALDO CIPRIANO DE SOUSA,71.799,2639,35.33,98.5,0.622,52.63,14651.65082,13830.19895,10208.62,
Santa Rita,2513703,santa-ritense,EMERSON FERNANDES ALVINO PANTA,718.576,137349,165.52,96.3,0.627,8.75,259904.66641,225440.30859,17596.10,
Santa Teresinha,2513802,santa-teresinhense,JOS&Eacute; DE ARIMAT&Eacute;IA NUNES CAMBOIM,359.442,4562,12.80,98.8,0.627,16.95,15554.03972,14314.06856,9615.28,
Santo Andr&eacute;,2513851,santoandreense,EDGLEI AMORIM DO NASCIMENTO,197.791,2509,11.72,99.1,0.600,33.33,12078.56701,11697.74497,10120.54,
S&atilde;o Bento,2513901,s&atilde;o-bentense,JARQUES L&Uacute;CIO DA SILVA II,245.840,34344,124.41,95.3,0.580,12.08,71441.78286,70102.99422,12945.68,
S&atilde;o Bentinho,2513927,s&atilde;obentinhense,M&Ocirc;NICA DOS SANTOS FERREIRA,199.635,4566,21.12,97.8,0.606,20.41,12384.80151,9891.41007,10335.86,
S&atilde;o Domingos do Cariri,2513943,s&atilde;odominguense,ONILDO LINDBERG ANANIAS DA SILVA,233.835,2630,11.06,97.3,0.589,28.57,10925.61486,10943.83571,9281.55,
S&atilde;o Domingos,2513968,s&atilde;odominguense,ADEILZA SOARES FREIRES,170.361,3097,16.88,94,0.548,38.46,13641.45905,12016.91048,9385.12,
S&atilde;o Francisco,2513984,francisquense,GERONCIO SUCUPIRA JUNIOR,90.724,3384,35.39,96.9,0.580,21.28,14805.13863,12804.88962,10152.47,
S&atilde;o Jo&atilde;o do Cariri,2514008,caririense,JOSE HELDER TRAJANO DE QUEIROZ,612.966,4184,6.65,98.3,0.622,19.23,14459.73449,13209.31843,10376.35,
S&atilde;o Jo&atilde;o do Tigre,2514107,s&atilde;o-jo&atilde;o-tigrense,M&Aacute;RCIO ALEXANDRE LEITE,812.617,4415,5.39,96.1,0.552,39.22,16150.7548,14605.20977,7912.30,
S&atilde;o Jos&eacute; da Lagoa Tapada,2514206,s&atilde;o-joseense,CL&Aacute;UDIO ANTONIO MARQUES DE SOUSA,333.724,7626,22.13,93.5,0.530,22.47,18758.07682,18641.76668,7693.98,
S&atilde;o Jos&eacute; de Caiana,2514305,caianense,MANOEL PEREIRA DE SOUZA,183.273,6376,34.08,97.2,0.565,36.59,17766.06953,14945.98712,7567.57,
S&atilde;o Jos&eacute; de Espinharas,2514404,espinharense,ANT&Ocirc;NIO GOMES DA COSTA NETTO,726.757,4656,6.56,96.3,0.577,40.00,12421.60557,13208.72251,10149.33,
S&atilde;o Jos&eacute; dos Ramos,2514453,sanjoseense,MATHEUS AMORIM MARANHAO E SILVA,100.642,5998,56.07,98.1,0.541,12.82,18440.40239,18087.99715,8037.11,
S&atilde;o Jos&eacute; de Piranhas,2514503,piranhense,FRANCISCO MENDES CAMPOS,686.918,20329,28.19,97.5,0.591,11.45,37768.82648,32818.02149,9572.42,
S&atilde;o Jos&eacute; de Princesa,2514552,s&atilde;ojoseense,JULIANO DINIZ DE MORAIS,158.052,3950,26.70,96.3,0.565,23.26,1102.73689,2534.47616,7542.81,
S&atilde;o Jos&eacute; do Bonfim,2514602,bonfinense,ESA&Uacute; RAUEL DA SILVA N&Oacute;BREGA,153.629,3588,24.00,96.5,0.578,20.83,12012.79808,12509.51088,8182.47,
S&atilde;o Jos&eacute; do Brejo do Cruz,2514651,s&atilde;ojoseense,ANA MARIA DA SILVA OLIVEIRA,253.787,1811,6.66,97.9,0.581,35.71,12767.99527,11414.49488,13251.54,
S&atilde;o Jos&eacute; do Sabugi,2514701,sabugiense,JO&Atilde;O DOMICIANO DANTAS SEGUNDO,213.555,4147,19.38,98.7,0.617,28.57,17584.38343,15989.01233,27928.06,
S&atilde;o Jos&eacute; dos Cordeiros,2514800,s&atilde;o-joseense (dos Cordeiros),FEL&Iacute;CIO KELMO ALMEIDA QUEIROZ,376.661,3618,9.54,98.5,0.556,46.51,12529.62597,12214.39925,8326.87,
S&atilde;o Mamede,2514909,s&atilde;o-mamedense,UMBERTO JEFFERSON DE MORAIS LIMA,533.446,7702,14.60,99,0.641,10.64,19001.67093,18524.89169,9134.93,
S&atilde;o Miguel de Taipu,2515005,taipuense,LAELSON ALBUQUERQUE,92.413,7410,72.37,97.4,0.548,11.90,19617.23613,19315.54267,9151.55,
S&atilde;o Sebasti&atilde;o de Lagoa de Ro&ccedil;a,2515104,lagoense (de Ro&ccedil;a),SEVERO LUIS DO NASCIMENTO NETO,46.372,11728,221.16,98.4,0.594,8.13,25875.15863,23284.91283,8067.95,
S&atilde;o Sebasti&atilde;o do Umbuzeiro,2515203,s&atilde;o-sebastianense,ADRIANO JER&Ocirc;NIMO WOLFF,464.327,3512,7.02,96.4,0.581,18.52,13804.80456,14762.49049,9412.43,
Sap&eacute;,2515302,sapeense,SIDNEI PAIVA DE FREITAS,313.678,52804,158.92,95.9,0.569,28.07,92876.18676,93082.1836,10617.86,
S&atilde;o Vicente do Serid&oacute;,2515401,seridoense,ERIVAM DOS ANJOS LEONARDO,262.751,10848,37.00,97.2,0.555,20.83,20120.49663,19625.39109,6794.64,
Serra Branca,2515500,serra-branquense,VICENTE FIALHO DE SOUSA NETO,698.102,13754,18.89,98.2,0.628,12.66,26487.21247,24819.52939,9233.06,
Serra da Raiz,2515609,serra-raizense,LUIZ GONZAGA BEZERRA DUARTE,31.679,3131,110.17,99.6,0.626,18.87,14771.80602,12695.03909,10305.24,
Serra Grande,2515708,serra-grandense,VICENTE ANTONIO DA SILVA NETO,64.352,2916,35.64,95.7,0.586,42.55,13700.38493,13202.6626,9055.60,
Serra Redonda,2515807,serra-redondense,FRANCISCO BERNARDO DOS SANTOS,55.197,7021,126.11,97,0.570,26.67,16301.21807,15134.79744,8559.69,
Serraria,2515906,serrariense,PETR&Ocirc;NIO DE FREITAS SILVA,65.062,6068,95.53,96.3,0.547,44.12,14797.63609,14496.9236,9376.14,
Sert&atilde;ozinho,2515930,sert&atilde;ozienhense,JOSE DE SOUSA MACHADO,32.455,5089,134.00,97.8,0.621,27.78,18150.65596,14875.84216,9606.62,
Sobrado,2515971,sobradense,OLINALDO MARTINS DA SILVA,61.953,7815,119.41,98,0.573,13.89,23979.15486,22960.03988,11447.10,
Sol&acirc;nea,2516003,solanense,KAYSER NOGUEIRA PINTO ROCHA,233.043,26227,115.01,97.4,0.595,15.38,44569.67969,41885.75701,10755.63,
Soledade,2516102,soledadense,GERALDO MOURA RAMOS,578.178,15102,24.53,98.5,0.616,21.16,36796.47713,32459.99395,11269.10,
Soss&ecirc;go,2516151,sosseguense,LUSINEIDE OLIVEIRA LIMA ALMEIDA,147.264,3594,20.48,100,0.573,21.28,14308.19287,12887.0035,9326.74,
Sousa,2516201,sousense,FABIO TYRONE BRAGA DE OLIVEIRA,728.492,69723,89.10,97.6,0.668,11.90,117670.89197,113245.29633,16215.67,
Sum&eacute;,2516300,sumeense,EDEN DUARTE PINTO DE SOUSA,833.315,17031,19.16,97.5,0.627,4.42,48923.17601,44739.22123,10389.04,
Tacima,2516409,tacimense,LUIS RODRIGUES SOBRINHO,245.236,10969,41.60,97,0.551,53.76,22943.87118,20445.63525,7086.62,
Tapero&aacute;,2516508,taperoaense,GEORGE CIRO MONTEIRO DE FARIAS,628.365,15441,22.53,96.8,0.578,13.95,28722.19718,30271.91463,8091.77,
Tavares,2516607,tavarense,GENILDO JOS&Eacute; DA SILVA,239.507,14759,59.42,98.3,0.586,21.28,35235.15886,32095.7185,7909.38,
Teixeira,2516706,teixeirense,WENCESLAU SOUZA MARQUES,155.452,15248,87.96,97.3,0.605,4.37,31516.09079,30526.22032,9174.29,
Ten&oacute;rio,2516755,tenorense,MANOEL VASCONCELOS,87.452,3081,26.72,95.7,0.581,47.62,14430.29463,12668.71349,9332.66,
Triunfo,2516805,triunfense,ESPEDITO CEZARIO DE FREITAS FILHO,224.336,9464,41.93,98.8,0.609,8.62,17768.98844,17078.66456,7790.28,
Uira&uacute;na,2516904,uiraunense,MARIA SULENE DANTAS SARMENTO,293.182,15300,49.52,97.8,0.636,11.63,34874.85769,33092.71892,10908.57,
Umbuzeiro,2517001,umbuzeirense,JOS&Eacute; NIVALDO DE ARA&Uacute;JO,185.578,9911,51.28,99.4,0.584,30.93,19713.47068,19539.17278,7520.42,
V&aacute;rzea,2517100,varzense,OTONI COSTA DE MEDEIROS,191.282,2841,13.15,99.5,0.707,58.82,10942.50545,11283.73348,10889.86,
Vieir&oacute;polis,2517209,vieiropolense,JOSE CELIO ARISTOTELES,147.098,5372,34.37,98.6,0.571,16.95,14497.69028,13410.14001,7896.09,
Zabel&ecirc;,2517407,zabeleense,SEBASTI&Atilde;O DALYSON DE LIMA NEVES,106.811,2255,18.97,97.3,0.623,27.03,13959.28946,13180.54476,10724.45,

<table class="fontes-container"><tr><th>Notas:</th></tr><tr><td>Escolariza&ccedil;&atilde;o <span>6 a 14 anos</span>: [popula&ccedil;&atilde;o residente no munic&iacute;pio de 6 a 14 anos de idade matriculada no ensino regular/total de popula&ccedil;&atilde;o residente no munic&iacute;pio de 6 a 14 anos de idade] x 100</td></tr><tr><td>População estimada: Para 'dúvidas e contestações' <a href='https://www.ibge.gov.br/estatisticas/sociais/populacao/9103-estimativas-de-populacao.html'>clique aqui</a></td></tr><tr><th>Fontes:</th></tr><tr><td>Área Territorial: &Aacute;rea territorial brasileira. Rio de Janeiro: IBGE, 2018</td></tr><tr><td>População estimada: IBGE, Diretoria de Pesquisas, Coordena&ccedil;&atilde;o de Popula&ccedil;&atilde;o e Indicadores Sociais, Estimativas da popula&ccedil;&atilde;o residente com data de refer&ecirc;ncia 1o de julho de 2019</td></tr><tr><td>Densidade demogr&aacute;fica: IBGE, Censo Demogr&aacute;fico 2010, &Aacute;rea territorial brasileira. Rio de Janeiro: IBGE, 2011</td></tr><tr><td>Escolariza&ccedil;&atilde;o <span>6 a 14 anos</span>: IBGE, Censo Demogr&aacute;fico 2010</td></tr><tr><td>IDHM <span>&Iacute;ndice de desenvolvimento humano municipal</span>: Programa das Na&ccedil;&otilde;es Unidas para o Desenvolvimento - PNUD</td></tr><tr><td>Mortalidade infantil: Minist&eacute;rio da Sa&uacute;de, Departamento de Inform&aacute;tica do Sistema &Uacute;nico de Sa&uacute;de - DATASUS 2017</td></tr><tr><td>Receitas realizadas: Contas anuais. Receitas or&ccedil;ament&aacute;rias realizadas (Anexo I-C) 2017 e Despesas or&ccedil;ament&aacute;rias empenhadas (Anexo I-D) 2017. In: Brasil. Secretaria do Tesouro Nacional, Siconfi: Sistema de Informa&ccedil;&otilde;es Cont&aacute;beis e Fiscais do Setor P&uacute;blico Brasileiro. Bras&iacute;lia, DF, [2018]. Dispon&iacute;vel em: https://siconfi.tesouro.gov.br/siconfi/pages/public/consulta_finbra/finbra_list.jsf. Acesso em: set. 2018</td></tr><tr><td>Despesas empenhadas: Contas anuais. Receitas or&ccedil;ament&aacute;rias realizadas (Anexo I-C) 2017 e Despesas or&ccedil;ament&aacute;rias empenhadas (Anexo I-D) 2017. In: Brasil. Secretaria do Tesouro Nacional, Siconfi: Sistema de Informa&ccedil;&otilde;es Cont&aacute;beis e Fiscais do Setor P&uacute;blico Brasileiro. Bras&iacute;lia, DF, [2018]. Dispon&iacute;vel em: https://siconfi.tesouro.gov.br/siconfi/pages/public/consulta_finbra/finbra_list.jsf. Acesso em: set. 2018</td></tr><tr><td>PIB per capita: IBGE, em parceria com os &Oacute;rg&atilde;os Estaduais de Estat&iacute;stica, Secretarias Estaduais de Governo e Superintend&ecirc;ncia da Zona Franca de Manaus - SUFRAMA</td></tr></table>