Piau&iacute; | Todos os Munic&iacute;pios
Munic&iacute;pio [-],C&oacute;digo [-],Gent&iacute;lico [-],Prefeito [2021],&Aacute;rea Territorial - km&sup2; [2020],Popula&ccedil;&atilde;o estimada - pessoas [2020],Densidade demogr&aacute;fica - hab/km&sup2; [2010],Escolariza&ccedil;&atilde;o &lt;span&gt;6 a 14 anos&lt;/span&gt; - % [2010],IDHM &lt;span&gt;&Iacute;ndice de desenvolvimento humano municipal&lt;/span&gt; [2010],Mortalidade infantil - &oacute;bitos por mil nascidos vivos [2016],Receitas realizadas - R$ (&times;1000) [2017],Despesas empenhadas - R$ (&times;1000) [2017],PIB per capita - R$ [2018],
Acau&atilde;,2200053,acau&atilde;nense,PAULO SERGIO DE SOUSA,1280.838,7102,5.27,97.5,0.528,38.10,16160.54709,15755.32908,7373.81,
Agricol&acirc;ndia,2200103,agricolandiense,ITALO JAMES ALENCAR DE SOUZA,112.392,5131,45.35,97.5,0.599,27.40,14873.8781,13709.29798,7283.04,
&Aacute;gua Branca,2200202,&aacute;gua-branquense,JOS&Eacute; RIBEIRO DA CRUZ JUNIOR,96.843,17470,169.53,98.6,0.639,19.48,49509.45311,44495.9755,11560.54,
Alagoinha do Piau&iacute;,2200251,alagoinense,JORISMAR JOS&Eacute; DA ROCHA,535.890,7665,13.77,93.6,0.531,35.29,15041.13957,15044.56951,7125.45,
Alegrete do Piau&iacute;,2200277,alegretense,MARIA LILIAN DE ALENCAR,243.732,4918,18.23,96.7,0.585,12.99,14928.46141,13272.15253,7317.55,
Alto Long&aacute;,2200301,longaense,HENRIQUE CESAR SARAIVA AREA LEAO COSTA,1743.331,14339,7.85,97.9,0.585,13.70,26948.2862,24944.33159,7050.48,
Altos,2200400,altoense,MAXWELL PIRES FERREIRA,957.232,40605,40.54,97.6,0.614,14.00,76062.83273,77121.44553,10361.22,
Alvorada do Gurgu&eacute;ia,2200459,alvoradense,L&Eacute;CIO GUSTAVO DE SOUSA BEZERRA,2131.506,5445,2.37,97.4,0.578,21.98,12704.89339,16035.83468,13122.14,
Amarante,2200509,amarantino,DIEGO LAMARTINE SOARES TEIXEIRA,1152.127,17604,14.83,97.2,0.598,40.15,34052.82746,33595.22255,8206.67,
Angical do Piau&iacute;,2200608,angicalense,BRUNO FERREIRA SOBRINHO NETO,222.008,6783,29.86,96.9,0.630,11.76,19912.12001,17634.26604,9428.55,
An&iacute;sio de Abreu,2200707,anisiense,RAIMUNDO NEI ANTUNES RIBEIRO,337.877,9938,26.93,98.3,0.594,24.19,16654.77945,19520.38605,7870.16,
Ant&ocirc;nio Almeida,2200806,ant&ocirc;nio-almeidense,MARCELO TOLEDO LAURINI,644.800,3170,4.71,99.6,0.620,48.78,14255.06231,12666.40607,43270.69,
Aroazes,2200905,aroazense,MANOEL PORTELA DE CARVALHO NETO,821.212,5827,7.03,98.9,0.583,11.63,11874.16985,15119.63843,8326.53,
Aroeiras do Itaim,2200954,aroeirense,EDMILSON FRANCISCO DE DEUS,316.235,2551,9.49,94.2,0.519,52.63,10853.888,10178.68158,8461.19,
Arraial,2201002,arraialense,ALDEMES BARROSO DA SILVA,682.727,4720,6.87,97.7,0.560,50.00,12540.64856,12655.55254,7846.20,
Assun&ccedil;&atilde;o do Piau&iacute;,2201051,assun&ccedil;&atilde;oense,ANTONIO LUIZ NETO,1690.703,7863,4.44,97.9,0.499,34.48,19338.26341,19787.25086,7099.72,
Avelino Lopes,2201101,avelino-lopense,AMINADAB PEREIRA DE SOUSA NETO,1220.371,11326,8.48,97.2,0.554,5.26,24904.75054,25656.75871,7027.07,
Baixa Grande do Ribeiro,2201150,baixagrandense do ribeiro,JOSE LUIS SOUSA,7808.915,11671,1.35,96.4,0.564,20.00,48566.32125,40902.55603,82913.59,
Barra D'Alc&acirc;ntara,2201176,barra d&rsquo;alcantarense,MARDONIO SOARES LOPES,263.943,3952,14.63,96,0.577,45.45,13086.03847,12041.093,8423.99,
Barras,2201200,barrense,EDILSON SERVULO DE SOUSA,1722.507,47185,26.08,97.5,0.595,12.20,86163.37267,83754.54339,8412.00,
Barreiras do Piau&iacute;,2201309,barreirense,MANOEL AROLDO BARREIRA FILHO,2168.713,3352,1.59,98.5,0.557,25.64,12570.74745,11026.89113,8197.35,
Barro Duro,2201408,barro-durense,EL&Oacute;I PEREIRA DE SOUSA,159.436,7027,50.39,96.9,0.612,10.64,17752.63641,15108.95745,9740.83,
Batalha,2201507,batalhense,JOS&Eacute; LUIZ ALVES MACHADO,1589.010,26905,16.22,99.2,0.545,17.05,49044.41092,44793.07328,7161.96,
Bela Vista do Piau&iacute;,2201556,bela  vistense,FRANCISCO DE SOUSA NETO,499.092,4030,7.57,97.6,0.576,51.28,12210.81061,11440.78072,8804.73,
Bel&eacute;m do Piau&iacute;,2201572,belenense,ADEMAR ALU&Iacute;SIO DE CARVALHO,243.234,3587,13.50,97,0.551,25.64,14611.0105,12829.75964,8233.84,
Beneditinos,2201606,beneditinense,JULLYVAN MENDES DE MESQUITA,937.098,10473,12.57,97.2,0.557,49.59,24497.56423,23772.13765,7260.24,
Bertol&iacute;nia,2201705,bertolinense,GERALDO FONSECA CORREIA,1216.116,5507,4.34,97.6,0.612,57.97,15518.13488,15996.48283,10687.11,
Bet&acirc;nia do Piau&iacute;,2201739,betanhense,FABIO DE CARVALHO MACEDO,579.576,6210,10.65,97,0.489,9.62,16817.08081,14918.93213,8500.38,
Boa Hora,2201770,boa horense,FRANCIEUDO DO NASCIMENTO CARVALHO,336.954,6815,18.65,99,0.575,60.98,17305.49794,14785.13719,7819.15,
Bocaina,2201804,bocainense,ERIVELTO DE S&Aacute; BARROS,261.651,4505,16.27,97.4,0.632,51.28,12638.70018,11797.66217,9720.73,
Bom Jesus,2201903,bom-jesuense,NESTOR RENATO PINHEIRO ELVAS,5471.024,25387,4.14,97.9,0.668,14.99,79178.08164,71112.23929,36392.02,
Bom Princ&iacute;pio do Piau&iacute;,2201919,bomprincipiense,LUCAS DA SILVA MORAES,523.142,5651,10.17,97.7,0.532,10.00,20874.56948,18887.2954,9416.30,
Bonfim do Piau&iacute;,2201929,bonfinense,PAULO HENRIQUE VIANA PINDAIBA,289.149,5685,18.65,97.6,0.542,9.71,14484.62014,12636.26994,7334.80,
Boqueir&atilde;o do Piau&iacute;,2201945,boqueir&atilde;oense,GENIR FERREIRA DA SILVA,269.786,6426,22.25,98.8,0.560,47.06,17395.29617,17040.86349,6770.86,
Brasileira,2201960,brasileirense,CARMEN GEAN VERAS DE MENESES,880.836,8347,9.04,96.7,0.577,20.00,17701.48656,15972.80506,6752.32,
Brejo do Piau&iacute;,2201988,brejense,FABIANO FEITOSA LIRA,2267.327,3848,1.76,98,0.515,22.22,13199.13833,11973.93712,8771.29,
Buriti dos Lopes,2202000,buritiense,RAIMUNDO NONATO LIMA PERCY J&Uacute;NIOR,690.540,19807,27.60,97.5,0.565,12.20,48728.6754,47101.81438,8822.34,
Buriti dos Montes,2202026,buritiense,JOS&Eacute; OLAVO MARINHO DE LOIOLA JUNIOR,2437.326,8264,3.01,98.3,0.574,11.49,19029.12282,17673.23909,6978.01,
Cabeceiras do Piau&iacute;,2202059,cabeceirense,JOS&Eacute; DA SILVA FILHO,608.747,10630,16.31,98.3,0.583,9.90,21929.2054,19941.96965,6396.65,
Cajazeiras do Piau&iacute;,2202075,cajazerense,CARLOS ALBERTO SILVESTRE DE SOUSA,514.106,3573,6.50,99.2,0.562,23.26,13049.22464,11668.39404,7820.63,
Cajueiro da Praia,2202083,pratense,FELIPE DE CARVALHO RIBEIRO,271.165,7674,26.36,95,0.546,21.51,21028.98134,16097.93475,10776.62,
Caldeir&atilde;o Grande do Piau&iacute;,2202091,caldeir&atilde;o grandense,DOUGLAS FILIPE SOUSA GON&Ccedil;ALVES,467.083,5781,11.46,98.1,0.588,15.38,16301.69324,16306.39202,18567.87,
Campinas do Piau&iacute;,2202109,campinense,JOMARIO FERREIRA DOS SANTOS,783.842,5620,6.51,97.8,0.544,35.71,10643.50329,10018.17902,7851.41,
Campo Alegre do Fidalgo,2202117,campo alegrense,ISRAEL ODILIO DA MATA,657.796,5069,7.13,97.5,0.537,16.67,15672.64701,14813.34709,7534.58,
Campo Grande do Piau&iacute;,2202133,campo grandense,FRANCISCO JOS&Eacute; BEZERRA,311.682,5965,17.93,98.5,0.560,20.20,15285.28836,14151.13115,9694.29,
Campo Largo do Piau&iacute;,2202174,campolargoense,JAIRO SOARES LEIT&Atilde;O,478.078,7311,14.24,97.2,0.528,41.67,20887.40093,19920.07183,6871.63,
Campo Maior,2202208,campo-maiorense,JO&Atilde;O F&Eacute;LIX DE ANDRADE FILHO,1680.861,46893,26.96,98.3,0.656,13.22,126013.08141,116143.09156,13062.70,
Canavieira,2202251,canavieirense,JOAN DE ALBUQUERQUE ROCHA,2165.277,3944,1.81,99.6,0.583,32.26,13056.89324,12406.04161,7936.66,
Canto do Buriti,2202307,canto-buritiense,MARCUS FELLIPE NUNES ALVES,4325.643,21258,4.63,96.6,0.576,22.39,43355.64482,43510.91874,10520.05,
Capit&atilde;o de Campos,2202406,capit&atilde;o-de-campense,FRANCISCO MEDEIROS DE CARVALHO FILHO,571.658,11445,18.50,98.6,0.583,11.90,28428.6271,25735.02893,8130.92,
Capit&atilde;o Gerv&aacute;sio Oliveira,2202455,gervasense,GABRIELA OLIVEIRA COELHO DA LUZ,1132.995,4114,3.42,98.7,0.553,20.83,12971.59045,12609.16642,8126.90,
Caracol,2202505,caracolense,GILSON DIAS DE MACEDO FILHO,1610.959,10964,6.34,96.6,0.552,40.40,22206.51457,21687.87596,7339.37,
Cara&uacute;bas do Piau&iacute;,2202539,carubense,JO&Atilde;O COELHO DE SANTANA,471.217,5890,11.72,93.9,0.505,50.00,15487.27767,13304.33687,8107.37,
Caridade do Piau&iacute;,2202554,caridadense,ANTONIEL DE SOUSA SILVA,498.793,5085,9.63,99.4,0.541,24.39,6945.47181,15189.00624,7740.39,
Castelo do Piau&iacute;,2202604,castelense,JOSE MAGNO SOARES DA SILVA,2378.847,19715,9.01,98,0.587,12.82,40397.05751,40490.66008,8915.50,
Caxing&oacute;,2202653,caxingoense,MAGNUM FERNANDO CARDOSO DOS SANTOS,491.093,5451,10.32,96.8,0.488,39.60,17074.0036,15928.10517,8573.35,
Cocal,2202703,cocalense,RAIMUNDO NONATO FONTENELE CARDOSO,1294.133,27845,20.51,96.2,0.497,14.35,51963.96383,49855.82762,7999.27,
Cocal de Telha,2202711,cocatelhense,KARYNE ARAG&Atilde;O CANSAN&Ccedil;&Atilde;O,310.291,4899,16.04,98.8,0.555,30.77,264.7739,16254.48632,8206.24,
Cocal dos Alves,2202729,cocalalvense,OSMAR DE SOUSA VIEIRA,324.856,6168,15.58,96.3,0.498,32.26,14932.21411,13487.03631,7695.25,
Coivaras,2202737,coivarense,MARCELINO ALMEIDA DE ARAUJO,484.460,4032,7.85,98.1,0.565,41.67,12496.15711,11912.9102,8022.22,
Col&ocirc;nia do Gurgu&eacute;ia,2202752,coloniense,RAIMUNDO JOS&Eacute; ALMEIDA DE ARA&Uacute;JO,429.591,6516,14.02,98.8,0.628,12.35,17694.1347,15104.88096,9236.39,
Col&ocirc;nia do Piau&iacute;,2202778,coloniense,SELINDO MAURO CARNEIRO TAPETI SEGUNDO,950.193,7661,7.84,98.6,0.588,9.80,18975.35796,17220.53398,7239.73,
Concei&ccedil;&atilde;o do Canind&eacute;,2202802,concei&ccedil;&atilde;onense,ALCIMIRO PINHEIRO DA COSTA,824.729,4807,5.38,96.8,0.589,12.99,14369.50405,13645.26965,10272.28,
Coronel Jos&eacute; Dias,2202851,coronelino,RAFAEL OLIVEIRA DA SILVA,1926.103,4685,2.37,96.9,0.546,40.82,13859.0412,12836.63545,7531.97,
Corrente,2202901,correntino,GLADSON MURILO MASCARENHAS RIBEIRO,3048.747,26709,8.33,97.3,0.642,8.89,3048.99141,47744.75293,17079.37,
Cristal&acirc;ndia do Piau&iacute;,2203008,cristalandense,MOIS&Eacute;S DA CUNHA LEMOS FILHO,1202.896,8323,6.51,96.9,0.573,20.62,16982.87116,15378.65219,6859.01,
Cristino Castro,2203107,cristino-castrense,FELIPE FERREIRA DIAS,1845.698,10444,5.41,97.9,0.566,6.21,32075.55822,27704.3474,9800.11,
Curimat&aacute;,2203206,curimataense,VALDECIR RODRIGUES DE ALBUQUERQUE J&Uacute;NIOR,2344.949,11426,4.60,97.6,0.607,16.13,24055.05838,21122.68328,8990.73,
Currais,2203230,curralense,RAIMUNDO MARTINS DE SOUSA SANTOS SOBRINHO,3156.657,4968,1.49,98.6,0.542,14.29,23189.89072,15583.21269,55151.51,
Curralinhos,2203255,curralinhense,EVERARDO LIMA ARAUJO,345.811,4459,12.09,84.7,0.555,29.41,13668.67189,12623.91663,6891.32,
Curral Novo do Piau&iacute;,2203271,curral novense,ABEL FRANCISCO DE OLIVEIRA JUNIOR,755.251,5367,6.47,95.6,0.527,27.40,16920.99427,13704.25895,13392.62,
Demerval Lob&atilde;o,2203305,morrinhense,RICARDO DE MOURA MELO,216.807,13840,61.24,97.9,0.618,15.15,32040.05026,29658.87834,12246.60,
Dirceu Arcoverde,2203354,arcoverdense,REGINALDO DE OLIVEIRA GOMES,1005.571,7029,6.56,97.5,0.561,10.42,N&atilde;o informado,N&atilde;o informado,7395.50,
Dom Expedito Lopes,2203404,dom-expedito-lopense,VALMIR BARBOSA DE ARA&Uacute;JO,218.808,6922,29.99,98.5,0.601,10.87,15381.40465,13068.66454,10880.85,
Domingos Mour&atilde;o,2203420,domingos-mouronense,MARIA IRINELDA GOMES DE OLIVEIRA SILVA,848.705,4354,5.04,95.8,0.550,16.95,12625.57011,11843.98706,7753.37,
Dom Inoc&ecirc;ncio,2203453,inocentino,MARIA DAS VIRGENS DIAS,3871.824,9565,2.39,98.4,0.549,13.33,20616.96655,18661.41778,6402.56,
Elesb&atilde;o Veloso,2203503,elesbonense,RAFAEL MALTA BARBOSA,1383.976,14575,10.77,98.9,0.580,19.35,29373.79818,27174.11646,9461.37,
Eliseu Martins,2203602,eliseu-martinino,ALDIMAR DE SOUSA DIAS,1097.790,4930,4.28,98.4,0.595,20.00,14592.82853,13664.54798,9128.35,
Esperantina,2203701,esperantinense,IVAN&Aacute;RIA DO NASCIMENTO ALVES SAMPAIO,908.748,39848,41.45,97.5,0.605,12.33,72886.22848,71734.37787,9472.03,
Fartura do Piau&iacute;,2203750,farturense,ORLANDO COSTA CAMPINHO BRAGA,713.046,5319,7.12,96.3,0.548,38.96,6866.75212,11281.58375,5772.83,
Flores do Piau&iacute;,2203800,florentino-do-piau&iacute;,EVANDRO FERREIRA DA COSTA,946.719,4462,4.61,99,0.547,16.13,13043.44806,11655.99295,8416.44,
Floresta do Piau&iacute;,2203859,florestense,AMILTON RODRIGUES DE SOUSA,223.199,2560,12.75,99.3,0.538,58.82,5088.68243,5515.7882,8432.68,
Floriano,2203909,florianense,JOEL RODRIGUES DA SILVA,3407.979,60025,16.92,98.1,0.700,16.34,141641.34217,120928.52775,18465.40,
Francin&oacute;polis,2204006,francinopolitano,PAULO C&Eacute;SAR RODRIGUES DE MORAIS,268.704,5347,19.48,97.5,0.564,17.24,12864.19584,11575.86989,7256.91,
Francisco Ayres,2204105,airense,EUG&Ecirc;NIA DE SOUSA NUNES,656.475,4323,6.82,98.1,0.577,15.63,12745.84827,11909.83512,8809.11,
Francisco Macedo,2204154,francisco macedense,ADEILSON ANT&Atilde;O DE CARVALHO,179.245,3200,18.54,97.8,0.553,51.28,11489.26019,10311.65617,9442.34,
Francisco Santos,2204204,francisco-santense,LUIS JOS&Eacute; DE BARROS,492.191,9372,17.47,97.4,0.608,10.31,19697.26269,16931.93601,7586.73,
Fronteiras,2204303,fronteirense,EUDES AGRIPINO RIBEIRO,777.179,11659,14.33,97.5,0.619,16.81,37581.59783,31546.01684,8715.75,
Geminiano,2204352,geminianense,ERCULANO EDIMILSON DE CARVALHO,440.606,5460,11.84,97,0.561,22.73,14154.26818,12016.40949,8660.45,
Gilbu&eacute;s,2204402,gilbuense,AMILTON LUSTOSA FIGUEREDO FILHO,3495.692,10694,2.98,93.7,0.548,24.51,25861.84513,25369.73599,21181.84,
Guadalupe,2204501,guadalupense,MARIA JOZENEIDE FERNANDES LIMA,1026.538,10497,10.03,98.8,0.650,15.79,26771.74477,26817.43176,70596.56,
Guaribas,2204550,guaribano,JOERCIO MATIAS DE ANDRADE,3118.231,4568,1.41,98.2,0.508,11.90,13595.51123,12681.98387,7350.39,
Hugo Napole&atilde;o,2204600,hugo-napoleonense,LUCIANO BARRETO DE CARVALHO FILHO,224.573,3879,16.80,96.8,0.599,21.28,13171.38105,12298.23884,7648.07,
Ilha Grande,2204659,ilhagrandense,MARINA DE OLIVEIRA BRITO,129.696,9457,66.36,98.1,0.563,18.29,19581.58151,18923.82527,7744.85,
Inhuma,2204709,inhumense,ELBERT HOLANDA MOURA,978.222,15319,15.18,98.8,0.624,10.87,28264.54945,27340.8185,8959.41,
Ipiranga do Piau&iacute;,2204808,ipiranguense,FRANCISCO ELVIS RAMOS VIEIRA,529.417,9838,17.67,94.9,0.630,18.69,24167.26633,21329.6211,7368.94,
Isa&iacute;as Coelho,2204907,isaiense,FRANCISCO EUDES CASTELO BRANCO NUNES,800.688,8566,10.59,95,0.582,16.13,18542.51204,17138.25662,7337.33,
Itain&oacute;polis,2205003,itainopolense,MIGUEL RODRIGUES DE MOURA,827.620,11551,13.41,97.1,0.541,16.95,28404.00061,25724.92413,7712.13,
Itaueira,2205102,itaueirense,OSMUNDO DE MORAES ANDRADE,2554.179,11028,4.18,98.7,0.583,14.71,46576.98933,25063.51458,10006.91,
Jacobina do Piau&iacute;,2205151,jacobinense,GEDERLANIO RODRIGUES DE OLIVEIRA,1333.796,5729,4.17,97.7,0.535,36.36,14931.85453,13966.90395,8448.99,
Jaic&oacute;s,2205201,jaicoense,OGILVAN DA SILVA OLIVEIRA,866.788,19170,20.85,95.1,0.524,11.03,40164.52849,36286.00057,9027.86,
Jardim do Mulato,2205250,jardimulatense,DEJAIR LIMA DE SOUSA,510.226,4513,8.45,98.9,0.593,18.52,12658.3486,12596.03812,6659.21,
Jatob&aacute; do Piau&iacute;,2205276,jatobaense,RAIMUNDO NONATO GOMES DE OLIVEIRA,650.393,4875,7.13,98.9,0.566,21.74,14837.05033,14596.88111,8751.73,
Jerumenha,2205300,jerumenhense,JOS&Eacute; INACIO PEREIRA DA SILVA JUNIOR,1865.940,4447,2.35,97.4,0.591,15.15,13145.21821,12126.03938,9774.80,
Jo&atilde;o Costa,2205359,jo&atilde;o costense,JOS&Eacute; NETO DE OLIVEIRA,1800.230,3005,1.64,96.9,0.561,27.78,17953.77877,14078.3885,9051.64,
Joaquim Pires,2205409,joaquim-pirense,GENIVAL BEZERRA DA SILVA,740.561,14376,18.68,96.2,0.522,4.50,31352.2017,27395.78493,6745.00,
Joca Marques,2205458,jocamarquense,FABIANNA SPINDOLA MARQUES,169.005,5466,30.64,97.2,0.504,36.14,15922.93451,15337.89776,7136.97,
Jos&eacute; de Freitas,2205508,freitense,ROGER COQUEIRO LINHARES,1538.172,39336,24.11,98.7,0.618,19.45,75540.51965,70167.4135,8962.16,
Juazeiro do Piau&iacute;,2205516,juazeirense,JOS&Eacute; VALDO SOARES ROCHA,935.404,5485,5.75,99.1,0.570,17.54,15591.98768,13401.04814,8752.66,
J&uacute;lio Borges,2205524,julio borgense,EDUARDO HENRIQUE DE CASTRO ROCHA,1283.916,5640,4.14,98.6,0.582,10.42,15551.68152,15017.77043,7691.81,
Jurema,2205532,juremense,KAYLANNE DA SILVA OLIVEIRA,1271.881,4777,3.55,99.2,0.555,31.25,16611.09069,15242.10304,8522.87,
Lagoinha do Piau&iacute;,2205540,lagoinense,KELLY ALVES ALENCAR,67.649,2858,39.35,96.9,0.597,32.26,11091.58172,9753.45988,7876.59,
Lagoa Alegre,2205557,lagoalegrense,CARLOS MAGNO FORTES MACHADO,394.205,8577,20.29,97.8,0.550,17.24,1267.34639,18549.50481,7363.89,
Lagoa do Barro do Piau&iacute;,2205565,lagoa do barrense,GILSON NUNES DE SOUSA,1329.094,4656,3.58,94.7,0.502,14.93,15076.29001,13675.16995,38007.17,
Lagoa de S&atilde;o Francisco,2205573,lagoense,JO&Atilde;O ARILSON DE MESQUITA BEZERRA,155.860,6777,41.26,98.3,0.529,13.70,16827.35737,14909.68714,6696.92,
Lagoa do Piau&iacute;,2205581,lagoense,MAURO C&Eacute;SAR SOARES DE OLIVEIRA J&Uacute;NNIOR,427.841,4075,9.05,98.9,0.583,17.86,18370.42042,14012.57216,12340.93,
Lagoa do S&iacute;tio,2205599,sitiolagoense,JOS&Eacute; S&Aacute;VIO DE MOURA E SILVA,805.018,5198,6.03,96.6,0.541,47.62,12927.49778,12742.57974,8225.92,
Landri Sales,2205607,landri-salesiano,DELISMON SOARES PEREIRA,1088.583,5283,4.85,98.7,0.584,37.97,16900.1108,15332.93344,14646.95,
Lu&iacute;s Correia,2205706,lu&iacute;s-correiense,MARIA DAS DORES FONTENELE BRITO,1074.132,30438,26.52,95.4,0.541,31.78,65225.26447,62511.12573,10137.26,
Luzil&acirc;ndia,2205805,luzilandense,FERNANDA PINTO MARQUES,705.599,25504,35.10,96.1,0.545,5.06,45111.92813,43401.868,8110.41,
Madeiro,2205854,madeirense,JOSE RIBAMAR DE ARAUJO FILHO,178.842,8342,44.12,97.8,0.563,22.90,20434.27687,19096.36138,6466.97,
Manoel Em&iacute;dio,2205904,manoel-emidense,CLAUDIA MARIA DE JESUS PIRES MEDEIROS,1620.413,5351,3.22,99,0.573,13.70,80.01341,14666.29822,7869.98,
Marcol&acirc;ndia,2205953,marcolandense,CORINTO MACHADO DE MATOS NETO,136.785,8543,54.30,94.5,0.562,32.79,20256.57473,18957.49576,8248.42,
Marcos Parente,2206001,marcos-parentense,GEDISON ALVES RODRIGUES,677.416,4547,6.58,97.3,0.590,42.86,14014.78847,12196.11307,9187.11,
Massap&ecirc; do Piau&iacute;,2206050,massap&ecirc;ense,RIVALDO DE CARVALHO COSTA,530.169,6449,11.94,98.6,0.525,40.82,18144.30665,16011.58747,6544.12,
Matias Ol&iacute;mpio,2206100,matiense,GENIVALDO NASCIMENTO ALMEIDA,226.785,10958,46.26,98.5,0.562,11.76,24193.57103,23585.83691,7071.35,
Miguel Alves,2206209,miguel-alvense,FRANCISCO ANTONIO REBELO PAIVA,1392.123,33833,23.17,96.6,0.539,21.40,62959.60603,66953.70893,7090.86,
Miguel Le&atilde;o,2206308,leonino,ROBERTO CESAR DE AR&Eacute;A LE&Atilde;O NASCIMENTO,93.412,1242,13.40,99.6,0.623,71.43,9227.04662,8248.63563,13228.52,
Milton Brand&atilde;o,2206357,milton brand&atilde;oense,FRANCISCO EVANGELISTA RESENDE,1309.128,6608,4.93,98.9,0.508,26.67,15756.66539,15264.30988,7093.79,
Monsenhor Gil,2206407,monsenhorgilense,JO&Atilde;O LUIZ CARVALHO DA SILVA,567.860,10564,18.17,98.8,0.615,38.46,24182.97964,21251.45441,8898.35,
Monsenhor Hip&oacute;lito,2206506,hipolitano,ANTONIO DJALMA BEZERRA POLICARPO,401.568,7767,18.41,96.7,0.561,12.05,18407.18284,16370.10783,8144.45,
Monte Alegre do Piau&iacute;,2206605,montealegrense,DIJALMA GOMES MASCARENHAS,2417.382,10615,4.28,98.3,0.578,9.90,30161.71877,27518.0085,18484.95,
Morro Cabe&ccedil;a no Tempo,2206654,morrense,JOSU&Eacute; ALVES DA SILVA,2207.658,4530,1.92,97.7,0.542,14.08,13553.41232,13336.89642,6972.80,
Morro do Chap&eacute;u do Piau&iacute;,2206670,morrochapeuense,MARCOS HENRIQUE FORTES REBELO,328.408,6811,19.80,98.8,0.550,24.19,17116.47225,16643.62427,6960.06,
Murici dos Portelas,2206696,muriciense,ANA LINA DE CARVALHO CUNHA SALES,475.720,9209,17.57,96.1,0.530,8.40,22771.74177,20317.76151,7391.04,
Nazar&eacute; do Piau&iacute;,2206704,nazareno-do-piau&iacute;,RAIMUNDO NONATO COSTA,1315.841,7322,5.56,99.3,0.576,12.20,17461.18715,16289.00381,7348.08,
Naz&aacute;ria,2206720,nazariense,OSVALDO BONFIM DE CARVALHO,362.376,8602,22.19,97.1,0.602,6.21,23422.2238,19021.90086,10205.47,
Nossa Senhora de Nazar&eacute;,2206753,nazareno,JOS&Eacute; HENRIQUE DE OLIVEIRA ALVES,356.872,4891,12.79,95.5,0.586,18.52,15386.46749,14454.96582,7850.12,
Nossa Senhora dos Rem&eacute;dios,2206803,remediense,JOSE FERNANDO OLIVEIRA DE BRITO,357.896,8723,22.89,96.6,0.533,14.18,22680.34842,21842.29398,7961.44,
Novo Oriente do Piau&iacute;,2206902,novo-orientino,FRANCISCO AFONSO RIBEIRO SOBREIRA,525.906,6556,12.37,97.7,0.562,14.29,15894.61852,15360.16045,6968.94,
Novo Santo Ant&ocirc;nio,2206951,santantoniense,ELISA MARIA DA SILVA PAZ,443.872,3003,6.77,96.5,0.528,102.56,12273.67672,10802.68713,8063.39,
Oeiras,2207009,oeirense,JOSE RAIMUNDO DE S&Aacute; LOPES,2703.138,37085,13.19,97.9,0.634,15.90,68917.28051,64802.78674,11928.73,
Olho D'&Aacute;gua do Piau&iacute;,2207108,olho d&rsquo;aguense,ANTONIO LEAL DA SILVA,183.603,2468,11.96,96.7,0.576,23.26,10841.85543,9914.1504,8510.33,
Padre Marcos,2207207,padre-marquense,JOS&Eacute; VALDINAR DA SILVA,278.696,6873,24.47,99.5,0.541,11.11,17219.72301,15682.16473,8703.85,
Paes Landim,2207306,paes-landinense,THALLES MOURA F&Eacute; MARQUES,401.378,4126,10.11,98.5,0.575,15.63,14098.90808,13330.45812,9279.99,
Paje&uacute; do Piau&iacute;,2207355,pajeuense,CL&Aacute;UDIO PEREIRA DOS SANTOS,986.961,3404,3.12,98,0.559,35.71,13480.52443,13302.83384,10479.73,
Palmeira do Piau&iacute;,2207405,palmeirino,JOAO DA CRUZ ROSAL DA LUZ,2024.020,5036,2.47,97.4,0.557,26.32,15953.57164,12759.86461,14023.08,
Palmeirais,2207504,palmeirense,JOS&Eacute; BALTAZAR DE OLIVEIRA,1493.764,14587,9.17,98.3,0.562,20.94,31990.70453,32426.2726,7313.76,
Paquet&aacute;,2207553,paquetaense,THALES COELHO PIMENTEL,432.572,3937,9.25,96.9,0.509,64.52,14093.62041,12421.38159,8737.75,
Parnagu&aacute;,2207603,parnaguaense,JONDSON CASTRO FE,3428.811,10819,3.00,96.4,0.575,24.10,32102.99962,26978.44793,8370.43,
Parna&iacute;ba,2207702,parnaibano,FRANCISCO DE ASSIS DE MORAES SOUZA,436.907,153482,334.51,97.5,0.687,14.72,340708.33219,321306.77298,15216.39,
Passagem Franca do Piau&iacute;,2207751,passagemfranquense,SAULO VINICIUS RODRIGUES SATURNINO,643.226,4323,5.35,98.9,0.561,34.48,N&atilde;o informado,N&atilde;o informado,8236.82,
Patos do Piau&iacute;,2207777,patoense,JOAQUIM LOPES DOS REIS NETO,801.403,6406,8.12,98.4,0.563,35.09,16359.03285,15380.80495,7618.74,
Pau D'Arco do Piau&iacute;,2207793,paudarquiense,JOSENILTON DE SOUSA RODRIGUES BACELAR,430.023,4065,8.72,98.1,0.514,96.77,12459.43257,9938.17922,6759.12,
Paulistana,2207801,paulistanense,JOAQUIM JULIO COELHO,1941.111,20554,10.04,97.9,0.600,20.29,56081.65085,50043.2428,10053.24,
Pavussu,2207850,pavussuense,JULIMAR BARBOSA DA SILVA,1090.697,3669,3.36,97.8,0.526,20.83,12901.31676,10447.93147,8136.49,
Pedro II,2207900,pedro-segundense,ALVIMAR OLIVEIRA DE ANDRADE,1544.413,38778,24.70,97.3,0.571,10.66,86140.9556,66740.59688,8296.92,
Pedro Laurentino,2207934,pedro laurentinense,LEONCIO LEITE DE SOUSA,870.614,2544,2.77,97.2,0.562,40.00,11379.13206,10006.57824,9728.05,
Nova Santa Rita,2207959,Santaritense,HELI MARQUES DE CARVALHO,909.734,4383,4.60,97.1,0.554,16.13,13902.00332,13698.26697,8335.88,
Picos,2208007,picoense,GIL MARQUES DE MEDEIROS,577.284,78431,137.30,98.3,0.698,15.63,184481.15986,179285.43185,19445.94,
Pimenteiras,2208106,pimenteirense,MARIA LUCIA DE LACERDA,4562.580,12139,2.57,98.9,0.566,7.09,25488.71329,25870.49967,7085.51,
Pio IX,2208205,pio-nonense,SILAS NORONHA MOTA,1948.142,18459,9.08,98.8,0.564,9.17,37914.12969,37586.2965,9461.94,
Piracuruca,2208304,piracuruquense,FRANCISCO DE ASSIS DA SILVA MELO,2368.935,28874,11.57,94.8,0.596,15.42,52130.77281,48756.05716,9793.87,
Piripiri,2208403,piripiriense,JOVENILIA ALVES DE OLIVEIRA MONTEIRO,1407.192,63787,43.89,97.3,0.635,11.83,124496.24539,111283.47559,11286.42,
Porto,2208502,portuense,DOMINGOS BACELAR DE CARVALHO,253.113,12608,47.08,98,0.549,11.11,26808.63574,27270.5884,7246.70,
Porto Alegre do Piau&iacute;,2208551,porto  alegrense,MARCIO NEIVA MARTINS,1168.044,2720,2.19,98.9,0.563,35.71,12313.94079,11914.60031,8422.20,
Prata do Piau&iacute;,2208601,pratense,ACELINO MENDES DE MOURA,196.787,3150,15.71,98.5,0.565,26.32,5543.27966,10023.90526,7808.22,
Queimada Nova,2208650,queimadanovense,RAIMUNDO JULIO COELHO,1284.761,9017,6.32,99.3,0.515,9.35,19016.33017,17424.73044,8367.88,
Reden&ccedil;&atilde;o do Gurgu&eacute;ia,2208700,gurgue&iacute;no,&Acirc;NGELO JOS&Eacute; SENA SANTOS,2470.531,8796,3.40,97.9,0.589,7.09,19925.31614,17427.18525,8422.34,
Regenera&ccedil;&atilde;o,2208809,regenerense,EDUARDO ALVES CARVALHO,1251.321,17979,14.03,97.4,0.591,3.77,40933.85553,36690.19373,10306.62,
Riacho Frio,2208858,riacho friense,JABES LUSTOSA NOGUEIRA JUNIOR,2220.598,4309,1.91,98.9,0.541,30.77,15010.33249,13797.20791,8672.52,
Ribeira do Piau&iacute;,2208874,ribeirense,ANTONIO LUIZ DE ARAUJO COSTA NETO,1012.479,4488,4.25,98.4,0.520,18.18,19252.97263,15452.31705,51519.60,
Ribeiro Gon&ccedil;alves,2208908,ribeiro-gon&ccedil;alvino,LINDENBERG VIEIRA DA SILVA,3987.147,7376,1.72,96.8,0.601,26.32,23907.02368,22229.96172,54631.40,
Rio Grande do Piau&iacute;,2209005,rio-grandense-do-piau&iacute;,MAURICIO MARTINS COSTA SILVA,635.953,6433,9.86,96.5,0.572,24.10,15796.58622,14990.19608,7839.96,
Santa Cruz do Piau&iacute;,2209104,santa-cruzense,FRANCISCO BARROSO DE CARVALHO NETO,582.658,6247,9.85,96.8,0.601,12.66,14598.49546,13595.61256,8521.48,
Santa Cruz dos Milagres,2209153,santacruzense,WILNEY RODRIGUES DE MOURA,978.547,4033,3.87,98.6,0.577,54.05,11892.9292,10633.52481,8702.60,
Santa Filomena,2209203,filomense,CARLOS AUGUSTO DE ARAUJO BRAGA,5293.693,6254,1.15,97.6,0.544,30.30,20195.45181,17795.81906,51577.17,
Santa Luz,2209302,santa-luzense,JOS&Eacute; LIMA DE ARA&Uacute;JO,1185.398,5882,4.65,99.5,0.588,24.10,13413.32196,12920.43878,8140.88,
Santana do Piau&iacute;,2209351,santanense,MARIA JOS&Eacute; DE SOUSA MOURA,112.189,4642,34.84,96.1,0.574,65.22,12951.98763,11190.2852,7687.22,
Santa Rosa do Piau&iacute;,2209377,santarosense,VER&Iacute;SSIMO ANTONIO SIQUEIRA DA SILVA,338.336,5255,15.14,99,0.567,28.17,13554.75682,11278.12276,7024.17,
Santo Ant&ocirc;nio de Lisboa,2209401,santo-antoense,FRANCISCO KARLOS LEAL GOMES,385.286,6441,15.51,93.5,0.584,25.64,13307.98414,11681.3077,9592.78,
Santo Ant&ocirc;nio dos Milagres,2209450,santoantonhense,PAULO CAZIMIRO DE SOUSA NETO E SILVA,33.640,2166,62.12,97.5,0.619,23.81,10465.95636,8921.77999,6554.95,
Santo In&aacute;cio do Piau&iacute;,2209500,santinacense,TAIRO MOURA MESQUITA,852.106,3803,4.28,99.3,0.613,62.50,13511.23533,12817.27701,8332.51,
S&atilde;o Braz do Piau&iacute;,2209559,san-brazense,DEBORAH SAYONARA SANTOS CARDOSO,656.042,4451,6.57,98.7,0.596,18.52,13567.75022,14389.00431,7250.28,
S&atilde;o F&eacute;lix do Piau&iacute;,2209609,s&atilde;o-felicense,JOSE JAILSON PIO,627.033,2932,4.67,100,0.610,35.71,128.64021,10343.23721,9307.72,
S&atilde;o Francisco de Assis do Piau&iacute;,2209658,s&atilde;ofranciscoense,JOSIMAR JO&Atilde;O DE OLIVEIRA,1072.851,5779,5.06,96,0.485,46.15,17196.50948,13398.5124,7368.22,
S&atilde;o Francisco do Piau&iacute;,2209708,s&atilde;o-franciscano,ANTONIO MARTINS DE CARVALHO,1341.451,6420,4.70,98.4,0.570,20.83,20144.19608,17792.75488,7912.76,
S&atilde;o Gon&ccedil;alo do Gurgu&eacute;ia,2209757,s&atilde;o gon&ccedil;alense,PAULO LUSTOSA NOGUEIRA,1385.255,3057,2.04,97.4,0.560,25.00,11629.74715,11197.49833,10667.72,
S&atilde;o Gon&ccedil;alo do Piau&iacute;,2209807,s&atilde;o-gon&ccedil;alense,LU&Iacute;S DE SOUSA RIBEIRO JUNIOR,150.495,5030,31.65,97.7,0.616,14.29,14857.18438,11861.49408,8427.74,
S&atilde;o Jo&atilde;o da Canabrava,2209856,canabravense,ELSON SILVA DE SOUSA,480.537,4614,9.26,96.8,0.559,21.28,15109.7642,13621.79682,7832.46,
S&atilde;o Jo&atilde;o da Fronteira,2209872,s&atilde;o j&atilde;o fronteirense,ANTONIO ERIVAN RODRIGUES FERNANDES,817.111,6064,7.33,88.3,0.515,14.08,15741.72047,13735.94487,7816.02,
S&atilde;o Jo&atilde;o da Serra,2209906,serra-jonense,JOAO FRANCISCO GOMES DA ROCHA,994.224,6122,6.12,99.1,0.582,17.86,7398.76515,14580.70013,8128.49,
S&atilde;o Jo&atilde;o da Varjota,2209955,sanjoanense,JOSE DOS SANTOS BARBOSA,394.456,4848,11.77,96.9,0.559,25.32,13581.55358,11961.72279,6284.98,
S&atilde;o Jo&atilde;o do Arraial,2209971,s&atilde;o j&atilde;oense,BENEDITA VILMA LIMA,213.377,8038,34.38,98.4,0.523,6.67,18221.93235,17277.28584,6528.93,
S&atilde;o Jo&atilde;o do Piau&iacute;,2210003,s&atilde;o-joanense,EDNEI MODESTO AMORIM,1527.497,20662,12.80,98.3,0.645,13.33,53644.45795,52610.32457,11149.29,
S&atilde;o Jos&eacute; do Divino,2210052,s&atilde;ojoseense,FRANCISCO DE ASSIS CARVALHO CERQUEIRA,319.367,5354,16.13,99.2,0.565,18.18,14622.78516,12846.07245,9198.82,
S&atilde;o Jos&eacute; do Peixe,2210102,s&atilde;o-joseense,CELSO ANT&Ocirc;NIO MENDES COIMBRA,1287.174,3741,2.87,97.5,0.573,30.77,13523.20391,12487.67466,9044.22,
S&atilde;o Jos&eacute; do Piau&iacute;,2210201,s&atilde;o-joseense,ADMAELTON BEZERRA SOUSA,373.347,6700,18.06,97.5,0.552,14.49,13687.11323,13491.45665,8551.49,
S&atilde;o Juli&atilde;o,2210300,s&atilde;o-julianense,SAMUEL DE SOUSA ALENCAR,291.089,6371,22.07,94.3,0.594,15.63,17088.97766,15242.52904,7536.21,
S&atilde;o Louren&ccedil;o do Piau&iacute;,2210359,lourenciano,BIRACI DAMASCENO RIBEIRO,673.822,4577,6.58,98.9,0.595,16.39,14186.92375,12401.31315,7167.29,
S&atilde;o Luis do Piau&iacute;,2210375,s&atilde;oluisense,KELSIMAR DE ABREU SOUSA,217.924,2646,11.62,97,0.554,34.48,10689.18566,9791.515,7238.13,
S&atilde;o Miguel da Baixa Grande,2210383,s&atilde;omiquelense,MARIA DA CONCEI&Ccedil;&Atilde;O MENDES TEIXEIRA,444.528,2454,5.49,98.9,0.563,90.91,59.73257,8860.61796,8963.63,
S&atilde;o Miguel do Fidalgo,2210391,fidalguense,ERIMAR SOARES DE SOUSA,813.444,3038,3.66,98.7,0.535,103.45,11602.86967,10920.63874,7507.60,
S&atilde;o Miguel do Tapuio,2210409,tapuiense,POMPILIO EVARISTO CARDOSO FILHO,4988.973,17639,3.48,97.5,0.556,14.35,48150.87719,37841.09592,7529.35,
S&atilde;o Pedro do Piau&iacute;,2210508,s&atilde;o-pedrense,JOS&Eacute; MARIA RIBEIRO DE AQUINO JUNIOR,518.288,14324,26.32,98.4,0.595,26.09,30144.58443,28378.32444,7329.39,
S&atilde;o Raimundo Nonato,2210607,s&atilde;o-raimundense,CARMELITA DE CASTRO SILVA,2415.287,34877,13.38,98,0.661,17.13,65149.95424,62121.81633,12993.94,
Sebasti&atilde;o Barros,2210623,sebasti&atilde;o barrense,PABLO CUST&Oacute;DIO MENDES DE CARVALHO,893.488,3451,3.98,99.3,0.536,16.39,13553.41232,13336.89642,10975.81,
Sebasti&atilde;o Leal,2210631,sebasti&atilde;o-lealense,MANOELINA DE SOUSA BORGES,3148.857,4303,1.31,97.6,0.562,22.73,19130.41333,16770.46266,34752.91,
Sigefredo Pacheco,2210656,sigefredense,MURILO BANDEIRA DA SILVA,1031.101,10058,9.95,99.2,0.581,9.35,20741.2814,17945.23567,6512.52,
Sim&otilde;es,2210706,simonense,JOSE WILSON DE CARVALHO,1076.055,14649,13.23,95.3,0.575,13.27,35710.29048,36149.90934,17754.79,
Simpl&iacute;cio Mendes,2210805,simpl&iacute;cio-mendense,MARCIO JOS&Eacute; PINHEIRO MOURA,1360.028,12746,8.97,98.6,0.627,11.43,39720.45351,29871.76997,11240.79,
Socorro do Piau&iacute;,2210904,socorrense,JOS&Eacute; COELHO FILHO,761.854,4563,5.94,97.8,0.561,34.48,14447.86074,16630.64372,6964.85,
Sussuapara,2210938,sussuaparense,NAERTON SILVA MOURA,205.194,6767,29.70,93.7,0.586,13.70,15446.05152,13753.90824,8269.49,
Tamboril do Piau&iacute;,2210953,tamborilense,ANA DELCIDES FIGUEIREDO GUEDES,1587.296,2929,1.73,99.6,0.501,21.74,12540.20191,10582.26539,8370.89,
Tanque do Piau&iacute;,2210979,tanquense,NATANAEL SALES DE SOUSA,398.007,2773,6.57,97.9,0.579,52.63,11484.11815,10337.01166,9754.86,
Teresina,2211001,teresinense,JOS&Eacute; PESSOA LEAL,1391.293,868075,584.94,97.8,0.751,16.49,2804376.07164,2669283.43178,24333.00,
Uni&atilde;o,2211100,unionense,GUSTAVO CONDE MEDEIROS,1170.742,44569,36.35,97.9,0.577,15.65,88044.58508,87307.80997,8241.26,
Uru&ccedil;u&iacute;,2211209,uru&ccedil;uiense,FRANCISCO WAGNER PIRES COELHO,8413.016,21655,2.40,97,0.631,21.48,72450.40111,62120.62513,79384.48,
Valen&ccedil;a do Piau&iacute;,2211308,valenciano,MARCELO COSTA E SILVA,1333.722,20929,15.23,98.6,0.647,6.97,45444.32883,42662.67051,11449.03,
V&aacute;rzea Branca,2211357,varzea-branquense,RAIMUNDO NONATO ALVES PAES LANDIM,450.429,4938,10.90,97.9,0.553,28.99,15047.23541,14562.80699,7555.20,
V&aacute;rzea Grande,2211407,v&aacute;rzea-grandense,ROBERT EUDES NUNES DE SOUSA SEGUNDO,236.453,4386,18.29,99.6,0.571,16.13,13017.22387,11673.39861,7425.19,
Vera Mendes,2211506,veramendense,CARLOS JOS&Eacute; DA SILVA,341.974,3080,8.73,98.2,0.503,43.48,14036.1438,12432.50237,8395.27,
Vila Nova do Piau&iacute;,2211605,vilanovense,EDILSON EDMUNDO DE BRITO,221.627,2952,14.09,98.7,0.565,27.78,13552.75494,11517.72334,9967.73,
Wall Ferraz,2211704,wal farrazense,LUIZ GUILHERME MAIA DE SOUSA,270.427,4471,15.85,97.3,0.544,58.82,13474.81433,12680.94248,7641.88,

<table class="fontes-container"><tr><th>Notas:</th></tr><tr><td>Escolariza&ccedil;&atilde;o <span>6 a 14 anos</span>: [popula&ccedil;&atilde;o residente no munic&iacute;pio de 6 a 14 anos de idade matriculada no ensino regular/total de popula&ccedil;&atilde;o residente no munic&iacute;pio de 6 a 14 anos de idade] x 100</td></tr><tr><td>População estimada: Para 'dúvidas e contestações' <a href='https://www.ibge.gov.br/estatisticas/sociais/populacao/9103-estimativas-de-populacao.html'>clique aqui</a></td></tr><tr><th>Fontes:</th></tr><tr><td>Área Territorial: &Aacute;rea territorial brasileira. Rio de Janeiro: IBGE, 2018</td></tr><tr><td>População estimada: IBGE, Diretoria de Pesquisas, Coordena&ccedil;&atilde;o de Popula&ccedil;&atilde;o e Indicadores Sociais, Estimativas da popula&ccedil;&atilde;o residente com data de refer&ecirc;ncia 1o de julho de 2019</td></tr><tr><td>Densidade demogr&aacute;fica: IBGE, Censo Demogr&aacute;fico 2010, &Aacute;rea territorial brasileira. Rio de Janeiro: IBGE, 2011</td></tr><tr><td>Escolariza&ccedil;&atilde;o <span>6 a 14 anos</span>: IBGE, Censo Demogr&aacute;fico 2010</td></tr><tr><td>IDHM <span>&Iacute;ndice de desenvolvimento humano municipal</span>: Programa das Na&ccedil;&otilde;es Unidas para o Desenvolvimento - PNUD</td></tr><tr><td>Mortalidade infantil: Minist&eacute;rio da Sa&uacute;de, Departamento de Inform&aacute;tica do Sistema &Uacute;nico de Sa&uacute;de - DATASUS 2017</td></tr><tr><td>Receitas realizadas: Contas anuais. Receitas or&ccedil;ament&aacute;rias realizadas (Anexo I-C) 2017 e Despesas or&ccedil;ament&aacute;rias empenhadas (Anexo I-D) 2017. In: Brasil. Secretaria do Tesouro Nacional, Siconfi: Sistema de Informa&ccedil;&otilde;es Cont&aacute;beis e Fiscais do Setor P&uacute;blico Brasileiro. Bras&iacute;lia, DF, [2018]. Dispon&iacute;vel em: https://siconfi.tesouro.gov.br/siconfi/pages/public/consulta_finbra/finbra_list.jsf. Acesso em: set. 2018</td></tr><tr><td>Despesas empenhadas: Contas anuais. Receitas or&ccedil;ament&aacute;rias realizadas (Anexo I-C) 2017 e Despesas or&ccedil;ament&aacute;rias empenhadas (Anexo I-D) 2017. In: Brasil. Secretaria do Tesouro Nacional, Siconfi: Sistema de Informa&ccedil;&otilde;es Cont&aacute;beis e Fiscais do Setor P&uacute;blico Brasileiro. Bras&iacute;lia, DF, [2018]. Dispon&iacute;vel em: https://siconfi.tesouro.gov.br/siconfi/pages/public/consulta_finbra/finbra_list.jsf. Acesso em: set. 2018</td></tr><tr><td>PIB per capita: IBGE, em parceria com os &Oacute;rg&atilde;os Estaduais de Estat&iacute;stica, Secretarias Estaduais de Governo e Superintend&ecirc;ncia da Zona Franca de Manaus - SUFRAMA</td></tr></table>