Santa Catarina | Todos os Munic&iacute;pios
Munic&iacute;pio [-],C&oacute;digo [-],Gent&iacute;lico [-],Prefeito [2021],&Aacute;rea Territorial - km&sup2; [2020],Popula&ccedil;&atilde;o estimada - pessoas [2020],Densidade demogr&aacute;fica - hab/km&sup2; [2010],Escolariza&ccedil;&atilde;o &lt;span&gt;6 a 14 anos&lt;/span&gt; - % [2010],IDHM &lt;span&gt;&Iacute;ndice de desenvolvimento humano municipal&lt;/span&gt; [2010],Mortalidade infantil - &oacute;bitos por mil nascidos vivos [2017],Receitas realizadas - R$ (&times;1000) [2017],Despesas empenhadas - R$ (&times;1000) [2017],PIB per capita - R$ [2018],
Abdon Batista,4200051,abdonense,JADIR LUIZ DE SOUZA,237.517,2548,11.25,100,0.694,37.04,23228.89256,18399.70671,24517.73,
Abelardo Luz,4200101,abelardo-lusense,NERCI SANTIN,953.992,17960,17.94,97.1,0.696,21.66,62978.7649,54531.83536,39108.44,
Agrol&acirc;ndia,4200200,agrolandense,JOS&Eacute; CONSTANTE,206.815,11013,44.92,97,0.725,18.87,31019.33416,28123.29815,23224.16,
Agron&ocirc;mica,4200309,agronomense,CESAR LUIZ CUNHA,129.774,5509,37.57,94.4,0.741,14.71,20069.01248,17786.6489,29394.91,
&Aacute;gua Doce,4200408,&aacute;gua-docense,NELCI F&Aacute;TIMA TRENTO BORTOLINI,1319.137,7152,5.30,97.9,0.698,18.87,36852.2711,29718.55841,43501.90,
&Aacute;guas de Chapec&oacute;,4200507,aguense,LEONIR ANT&Ocirc;NIO HENTGES,139.511,6515,43.70,99.3,0.713,23.26,19632.02159,16715.00412,16043.25,
&Aacute;guas Frias,4200556,&aacute;guasfriense,LUIZ JOSE DAGA,76.631,2354,31.84,100,0.745,26.32,16779.53419,13446.36895,41531.37,
&Aacute;guas Mornas,4200606,&aacute;guas-mornense,OMERO PRIM,326.660,6559,16.95,98.7,0.723,12.82,22341.68119,18529.15137,25790.35,
Alfredo Wagner,4200705,alfredense,GILMAR SANI,733.489,10086,12.84,92.8,0.668,14.93,27865.23225,24745.22628,25993.75,
Alto Bela Vista,4200754,bela-vistense,ELTON MATTES,103.433,1926,19.28,98.7,0.755,43.48,17697.95946,15207.1278,28701.32,
Anchieta,4200804,anchietense,IVAN JOS&Eacute; CANCI,232.348,5557,27.94,99.8,0.699,15.15,21139.56862,18767.7054,23510.34,
Angelina,4200903,angelinense,ROSELI ANDERLE,499.998,4743,10.50,99.3,0.687,18.52,22846.55799,17417.94095,23064.55,
Anita Garibaldi,4201000,anita-garibaldense,JO&Atilde;O CIDINEI DA SILVA,589.812,6957,14.67,96.1,0.688,24.10,26288.64577,26259.92205,19958.45,
Anit&aacute;polis,4201109,anitapolitano,SOLANGE BACK,540.636,3228,5.93,98.5,0.674,64.52,18782.75481,14616.07533,17638.39,
Ant&ocirc;nio Carlos,4201208,ant&ocirc;nio-carlense,GERALDO PAULI,234.422,8613,32.62,96.5,0.749,16.00,41263.06961,34036.05703,78006.01,
Api&uacute;na,4201257,apiunense,MARCELO DOUTEL DA SILVA,493.490,10848,19.46,97.8,0.708,8.62,44220.63189,37980.35868,39068.46,
Arabut&atilde;,4201273,arabutanense,LEANI KAPP SCHMITT,132.779,4267,31.57,99.6,0.733,21.74,22875.74556,19242.32116,32258.33,
Araquari,4201307,araquariense,CLENILTON CARLOS PEREIRA,386.693,39524,64.61,96,0.703,7.14,126472.28069,100994.30988,113080.67,
Ararangu&aacute;,4201406,araranguaense,CESAR ANTONIO CESA,301.819,68867,202.14,98.4,0.760,10.91,145710.42022,134742.48641,27132.74,
Armaz&eacute;m,4201505,armazenense,LUIZ PAULO RODRIGUES MENDES,173.958,8759,44.67,98.4,0.770,10.64,22155.7681,20257.41283,22211.06,
Arroio Trinta,4201604,arroio-trintense,ALCIDIR FELCHILCHER,93.530,3549,37.14,99.3,0.764,25.00,22955.7676,15775.14073,25153.91,
Arvoredo,4201653,arvoredense,NEURI MENEGUZZI,90.503,2234,24.90,97.6,0.715,37.04,18512.75551,15761.72193,44685.15,
Ascurra,4201703,ascurrense,AR&Atilde;O JOSINO DA SILVA,112.884,7978,66.83,98,0.742,10.10,20927.55874,17873.09322,24968.67,
Atalanta,4201802,atalantense,JUAREZ MIGUEL RODERMEL,94.383,3195,35.03,98.9,0.733,19.61,15684.37989,13045.00293,30763.79,
Aurora,4201901,aurorense,ALEXSANDRO KOHL,207.045,5683,26.86,99.3,0.733,14.71,21639.18974,18239.05644,37057.50,
Balne&aacute;rio Arroio do Silva,4201950,arroio-silvense,EVANDRO SCAINI,94.477,13430,100.63,98.1,0.746,13.99,32652.15086,31450.46926,13503.00,
Balne&aacute;rio Cambori&uacute;,4202008,balneocamboriuense,FABR&Iacute;CIO JOS&Eacute; SATIRO DE OLIVEIRA,45.214,145796,2337.67,98.3,0.845,8.26,784576.90354,717713.61429,40002.30,
Balne&aacute;rio Barra do Sul,4202057,barrassulense,ANTONIO RODRIGUES,108.914,11035,75.76,98.7,0.716,6.85,38773.24933,33759.17685,17626.61,
Balne&aacute;rio Gaivota,4202073,gaivotense,EVERALDO DOS SANTOS,146.834,11260,56.49,98.7,0.728,20.69,38663.79027,34869.54263,14239.64,
Bandeirante,4202081,bandeirantense,CELSO BIEGELMEIER,148.074,2648,19.72,99.3,0.672,25.00,16024.76791,13637.50818,22591.14,
Barra Bonita,4202099,barrabonitense,AGNALDO DERESZ,92.561,1651,20.09,96.5,0.701,41.67,13219.75661,10489.79706,20724.12,
Barra Velha,4202107,barra-velhense,DOUGLAS ELIAS DA COSTA,138.947,29860,159.78,96.8,0.738,9.71,100625.15242,92003.18861,48950.39,
Bela Vista do Toldo,4202131,bela vistense,ADELMO ALBERTI,535.682,6362,11.16,98.9,0.675,12.82,23674.13484,22136.26627,23763.33,
Belmonte,4202156,belmontense,JAIR ANTONIO GIUMBELLI,93.852,2709,28.52,100,0.705,97.56,14431.57378,12673.67461,19145.15,
Benedito Novo,4202206,benedito-novense,ARRABEL ANTONIETA LENZI MURARA,388.291,11775,26.58,98.2,0.740,9.80,30428.43269,26386.98372,26235.82,
Bigua&ccedil;u,4202305,bigua&ccedil;uense,SALMIR DA SILVA,365.755,69486,156.94,96.9,0.739,12.07,208037.65098,173495.01119,27639.57,
Blumenau,4202404,blumenauense,M&Aacute;RIO HILDEBRANDT,518.619,361855,595.97,97,0.806,10.86,1501588.80297,1394618.11867,48115.48,
Bocaina do Sul,4202438,bocainense,JO&Atilde;O EDUARDO DELLA JUSTINA,510.673,3488,6.42,96.8,0.647,18.87,17715.84903,15359.06583,22504.33,
Bombinhas,4202453,bombinense,PAULO HENRIQUE DALAGO MULLER,35.143,20335,397.99,99,0.781,3.42,128430.67488,119098.00801,34165.56,
Bom Jardim da Serra,4202503,bom-jardinense,PEDRO LUIZ OSTETTO,938.516,4772,4.70,97.9,0.696,20.83,19107.32495,16877.57436,21180.50,
Bom Jesus,4202537,bonjesuense,RAFAEL CALZA,63.883,3057,39.80,97.9,0.718,20.41,15589.38902,13478.35853,34011.23,
Bom Jesus do Oeste,4202578,bonjesuense,AIRTON ANTONIO REINEHR,67.777,2139,31.78,100,0.712,55.56,15665.68724,13296.66991,24627.49,
Bom Retiro,4202602,bom-retirense,ALBINO GON&Ccedil;ALVES PADILHA,1057.034,10060,8.47,96.3,0.699,19.23,24743.93304,22998.79313,27619.92,
Botuver&aacute;,4202701,botuveraense,ALCIR MERIZIO,296.256,5322,15.09,99,0.724,16.95,22378.35516,19626.44013,62153.04,
Bra&ccedil;o do Norte,4202800,bra&ccedil;o-nortense,ROBERTO KUERTEN MARCELINO,212.045,33876,136.97,98.9,0.778,16.06,86756.81995,74852.20226,35572.21,
Bra&ccedil;o do Trombudo,4202859,bra&ccedil;o trombudense,NILDO MELMESTET,89.411,3769,38.28,99,0.780,45.45,20081.02585,17645.94713,41870.16,
Brun&oacute;polis,4202875,brunopolitense,VOLCIR CANUTO,336.439,2368,8.46,98.7,0.661,35.71,15751.83029,13490.96062,32851.48,
Brusque,4202909,brusquense,JOSE ARI VEQUI,284.675,137689,372.51,98,0.795,11.41,411412.85808,343105.63888,48408.17,
Ca&ccedil;ador,4203006,ca&ccedil;adorense,SAULO SPEROTTO,983.424,79313,71.89,96,0.735,12.17,209759.61633,173042.40558,42367.59,
Caibi,4203105,caibiense,EDER PICOLI,173.079,6130,35.57,98.7,0.728,14.49,22995.92655,19499.15887,33662.83,
Calmon,4203154,calmonense,HELIO MARCELO OLENKA,636.208,3335,5.31,95.6,0.622,44.12,18153.01102,15845.22196,20889.18,
Cambori&uacute;,4203204,camboriuense,ELCIO ROG&Eacute;RIO KUHNEN,210.568,85105,293.68,96.6,0.726,11.99,184969.49807,156080.27575,18570.55,
Cap&atilde;o Alto,4203253,cap&atilde;o altense,TITO PEREIRA FREITAS,1331.962,2496,2.06,99.3,0.654,45.45,19686.21938,15994.33533,46324.02,
Campo Alegre,4203303,campo-alegrense,ALICE BAYERL GROSSKOPF,499.216,11981,23.54,98.6,0.714,13.70,49476.91897,41087.82107,41005.32,
Campo Belo do Sul,4203402,campo-belense,CLAUDIANE VARELA PUCCI,1025.638,6952,7.28,95.7,0.641,8.70,24917.85912,21542.63003,32221.86,
Campo Er&ecirc;,4203501,campo-erense,ROZANE BORTONCELLO MOREIRA,479.161,8418,19.56,98.7,0.690,35.71,30272.71685,26088.9685,34014.90,
Campos Novos,4203600,campos-novense,SILVIO ALEXANDRE ZANCANARO,1717.697,36556,19.09,97.3,0.742,5.88,131821.93751,113156.79885,54233.53,
Canelinha,4203709,canelense,DIOGO FRANCISCO ALVES MACIEL,151.008,12398,69.50,98.5,0.697,8.47,32311.05894,27528.05721,15724.49,
Canoinhas,4203808,canoinhense,GILBERTO DOS PASSOS,1148.036,54480,46.27,98.8,0.757,8.83,159433.30085,136538.26699,31334.28,
Capinzal,4203907,capinzalense,NILVO DORINI,244.057,23035,85.05,97.8,0.752,15.38,83185.0007,75710.18268,36806.58,
Capivari de Baixo,4203956,capivariense,VICENTE CORREA COSTA,53.222,25177,406.36,97.6,0.767,9.17,75631.89516,60422.93719,31917.87,
Catanduvas,4204004,catanduvense,DORIVAL RIBEIRO DOS SANTOS,199.166,10984,48.43,96.2,0.714,10.70,38393.81947,30798.27866,37883.59,
Caxambu do Sul,4204103,caxambuense,GLAUBER BURTET,140.873,3551,31.35,96.1,0.691,35.09,20955.3264,16144.81823,31933.56,
Celso Ramos,4204152,celso-ramense,LUIZANGELO GRASSI,208.391,2719,13.30,99,0.719,29.41,17048.95426,15515.7133,20150.34,
Cerro Negro,4204178,cerronegrense,ADEMILSON CONRADO,418.544,3068,8.58,96.3,0.621,27.78,15835.71526,14370.89779,25463.28,
Chapad&atilde;o do Lageado,4204194,lageadense,ABEL DA SILVA,124.866,3006,22.14,99.4,0.704,23.26,15001.40219,13583.61985,28031.04,
Chapec&oacute;,4204202,chapecoense,JO&Atilde;O RODRIGUES,624.846,224013,293.15,98.4,0.790,11.09,750226.84332,663703.31008,44321.07,
Cocal do Sul,4204251,sul-cocalense,FERNANDO DE FAVERI MARCELINO,70.965,16821,213.13,98.8,0.780,14.85,56279.85882,51261.19842,39615.60,
Conc&oacute;rdia,4204301,concordiense,ROG&Eacute;RIO LUCIANO PACHECO,799.194,75167,85.79,98.4,0.800,11.50,283391.4751,222561.85557,45197.17,
Cordilheira Alta,4204350,cordilheiraltense,CLODOALDO BRIANCINI,83.556,4520,45.46,99.4,0.747,14.93,26003.67295,22834.30057,58610.39,
Coronel Freitas,4204400,freitense ou freitano,DELIR CASSARO,233.698,9940,43.65,99.6,0.744,27.52,37727.50614,31225.90175,26940.52,
Coronel Martins,4204459,coronel martiense,MOACIR BRESOLIN,107.502,2555,22.91,99.3,0.696,66.67,14656.61154,11880.27774,19657.66,
Corup&aacute;,4204509,corupaense,LUIZ CARLOS TAMANINI,405.761,16107,34.39,99.1,0.780,10.99,49796.13103,45241.41475,28160.26,
Correia Pinto,4204558,correia-pintense,EDILSON GERMINIANI DOS SANTOS,647.388,12553,22.71,97.3,0.702,9.22,49068.56625,43569.86169,44370.99,
Crici&uacute;ma,4204608,criciumense,CLESIO SALVARO,234.865,217311,815.87,98.5,0.788,8.71,703723.40372,621037.95305,36073.31,
Cunha Por&atilde;,4204707,cunha-porense,LUZIA ILIANE VACARIN,220.099,11118,48.70,99.3,0.742,22.90,35063.83144,29558.26465,48327.51,
Cunhata&iacute;,4204756,cunhataiense,LUCIANO FRANZ,54.811,1967,33.75,100,0.754,55.56,14219.01694,11713.44732,26238.93,
Curitibanos,4204806,curitibanense,KLEBERSON LUCIANO LIMA,949.865,39893,39.79,97.7,0.721,11.33,118126.77901,98516.79951,35989.53,
Descanso,4204905,descansense,SADI INACIO BONAMIGO,287.057,8192,30.17,99.2,0.743,39.60,25165.99557,21816.50613,26100.95,
Dion&iacute;sio Cerqueira,4205001,cerqueirense,THYAGO WANDERLAN GNOATTO GON&Ccedil;ALVES,378.843,15545,39.06,96.6,0.706,9.48,49867.04394,40662.60333,25541.91,
Dona Emma,4205100,donemense,NERCI BARP,178.157,4186,20.54,98.1,0.742,72.73,17253.78731,15134.84505,27871.79,
Doutor Pedrinho,4205159,pedrinhense,HARTWIG PERSUHN,374.205,4115,9.62,98.4,0.716,31.25,16255.19045,13665.2484,28437.93,
Entre Rios,4205175,entrerriense,JO&Atilde;O MARIA ROQUE,103.888,3218,28.87,97.3,0.657,16.39,16037.74913,14029.89386,15045.79,
Ermo,4205191,ermense,PAULO DELLA VECCHIA,65.311,2061,32.31,97.9,0.726,27.03,15800.27991,12871.21219,40662.24,
Erval Velho,4205209,ervalhense,SEVERINO JAIME SCHMIDT,208.841,4418,20.99,97.5,0.723,29.41,21940.91739,18481.53544,31785.85,
Faxinal dos Guedes,4205308,faxinalense,GILBERTO ANGELO LAZZARI,340.070,10649,31.38,97.4,0.758,12.20,43334.60963,37805.33446,41236.16,
Flor do Sert&atilde;o,4205357,flor-sertanense,SIDNEI JOS&Eacute; WILLINGHOFER,58.457,1579,26.97,99.1,0.708,62.50,14271.80722,12136.83083,25657.91,
Florian&oacute;polis,4205407,florianopolitano,GEAN MARQUES LOUREIRO,674.844,508826,623.68,98.4,0.847,7.71,1756259.96948,1706736.75298,42719.16,
Formosa do Sul,4205431,formoense do sul,JORGE ANTONIO COMUNELLO,100.408,2495,25.98,98.9,0.715,25.64,15782.57714,12813.40158,21914.41,
Forquilhinha,4205456,forquilhinhense,JOS&Eacute; CL&Aacute;UDIO GON&Ccedil;ALVES,183.351,27211,123.12,98.3,0.753,4.60,86374.73732,69721.59594,32261.34,
Fraiburgo,4205506,fraiburgense,WILSON RIBEIRO CARDOSO JUNIOR,549.188,36584,63.07,98.1,0.731,13.57,107350.47966,98842.93041,25498.89,
Frei Rog&eacute;rio,4205555,frei rogeriense,JAIR DA SILVA RIBEIRO,158.775,1970,15.54,100,0.682,38.46,15103.60225,13058.63276,23743.48,
Galv&atilde;o,4205605,galv&atilde;oense,ADMIR EDI DALLA CORT,139.836,2791,28.47,97.9,0.708,19.61,16373.30078,12934.94959,25565.90,
Garopaba,4205704,garopabense,JUNIOR DE ABREU BENTO,114.773,23579,157.17,99.6,0.753,9.46,81029.13081,66051.60978,25916.45,
Garuva,4205803,garuvense,RODRIGO ADRIANY DAVID,503.595,18484,29.41,98,0.725,6.83,61482.70192,52381.56681,60183.18,
Gaspar,4205902,gasparense,KLEBER EDSON WAN DALL,386.616,70793,149.91,97.3,0.765,4.42,213043.05406,173394.2887,43487.46,
Governador Celso Ramos,4206009,gancheiro,MARCOS HENRIQUE DA SILVA,127.556,14606,110.93,97.9,0.747,5.68,63126.53452,61158.13659,22084.49,
Gr&atilde;o-Par&aacute;,4206108,gr&atilde;o-paraense,HELIO ALBERTON JUNIOR,334.362,6595,18.40,98.2,0.736,41.10,22721.07742,20996.33164,33450.95,
Gravatal,4206207,gravatalense,CLEINILS RODRIGUES DA SILVA,165.718,11577,64.55,98,0.757,23.44,31987.4202,30302.1947,21076.68,
Guabiruba,4206306,guabirubense,VALMIR ZIRKE,172.173,24382,105.51,97.6,0.754,13.25,60149.80898,54704.65203,41994.87,
Guaraciaba,4206405,guaraciabense,VANDECIR DORIGON,331.766,10026,31.78,99.4,0.751,8.13,33556.0147,31053.14597,34131.63,
Guaramirim,4206504,guaramirense,LUIS ANTONIO CHIODINI,267.514,45797,131.00,96.7,0.751,10.84,137189.83104,117869.45722,38693.40,
Guaruj&aacute; do Sul,4206603,guarujaense,CLAUDIO JUNIOR WESCHENFELDER,100.630,5178,48.97,98.2,0.730,35.09,20077.08146,18231.59653,29911.64,
Guatamb&uacute;,4206652,guatumbuense,LUIZ CLOVIS DAL PIVA,206.196,4698,22.73,98.8,0.717,10.31,26504.64092,22205.47211,48042.51,
Herval d'Oeste,4206702,hervalense,MAURO SERGIO MARTINI,216.581,22714,97.73,97.4,0.758,12.50,67744.90122,54001.48607,21180.37,
Ibiam,4206751,ibianense,JOARES TREVISOL,146.009,1954,13.26,100,0.725,43.48,14887.92635,10784.39927,27289.33,
Ibicar&eacute;,4206801,ibicareense,GIANFRANCO VOLPATO,156.439,3178,21.65,98.4,0.708,27.03,18376.43282,13933.83812,30855.75,
Ibirama,4206900,ibiramense,ADRIANO POFFO,247.102,19096,70.06,98.8,0.737,16.46,53809.58638,49535.61244,23619.60,
I&ccedil;ara,4207007,i&ccedil;arense,DALVANIA PEREIRA CARDOSO,230.393,57247,200.42,96.4,0.741,13.39,192425.86622,165621.83995,42042.20,
Ilhota,4207106,ilhotense,ERICO DE OLIVEIRA,253.024,14359,48.86,97,0.738,11.90,48167.39707,44999.50183,50605.82,
Imaru&iacute;,4207205,imaruense,PATRICK CORR&Ecirc;A,542.238,9948,21.51,97.5,0.667,18.02,29037.27384,24905.13165,19014.64,
Imbituba,4207304,imbitubense,ROSENVALDO DA SILVA JUNIOR,181.577,45286,219.59,99.1,0.765,9.13,136373.94408,119366.91981,39926.04,
Imbuia,4207403,imbuiense,DENY SCHEIDT,119.113,6241,46.38,99.7,0.713,13.33,20957.89546,17968.21041,29003.55,
Indaial,4207502,indaialense,ANDRE LUIZ MOSER,430.799,70900,127.33,98.1,0.777,4.14,233805.1009,205258.96271,38127.84,
Iomer&ecirc;,4207577,iomerense,LUCI PERETTI,113.986,2962,24.08,100,0.795,38.46,20998.82684,18385.95905,42639.29,
Ipira,4207601,ipirense,MARCELO BALDISSERA,155.651,4406,30.74,99.5,0.736,20.41,22219.22501,20119.06648,18877.63,
Ipor&atilde; do Oeste,4207650,ipor&atilde;-oestino,AD&Eacute;LIO MARX,200.960,9045,42.10,98.8,0.759,11.11,30474.27552,23264.52126,28456.21,
Ipua&ccedil;u,4207684,ipua&ccedil;uense,CLORI PEROZA,261.081,7579,26.06,95.7,0.660,18.18,27612.92416,23454.01088,29965.83,
Ipumirim,4207700,ipumiriense,HILARIO REFFATTI,245.921,7620,29.19,99.7,0.738,44.64,33186.87361,28318.2081,43914.19,
Iraceminha,4207759,iraceminhense,JEAN CARLOS NYLAND,165.147,3938,26.06,98.9,0.722,20.41,18408.61074,16140.9748,24441.53,
Irani,4207809,iraniense,VANDERLEI CANCI,325.862,10498,29.26,98.2,0.742,8.55,34299.92617,29572.67379,23059.27,
Irati,4207858,iratiense,NEURI MEURER,77.912,1909,26.78,97.8,0.707,71.43,13837.81296,11338.18546,19057.94,
Irine&oacute;polis,4207908,irineopolitense,LADEMIR FERNANDO ARCARI,589.698,11289,17.72,97.5,0.699,6.90,34406.61307,30706.09521,31142.72,
It&aacute;,4208005,itaense,CLEMOR ANTONIO BATTISTI,166.265,6129,38.75,98.4,0.771,16.67,47396.96589,39171.80972,42687.35,
Itai&oacute;polis,4208104,itaiopolense,MOZART JOS&Eacute; MYCZKOWSKI,1297.543,21780,15.67,97.3,0.708,13.65,68222.75025,56506.58378,34769.15,
Itaja&iacute;,4208203,itajaiense,VOLNEI JOSE MORASTONI,289.215,223112,636.11,97.9,0.795,7.50,1379945.86986,1131925.77303,117712.00,
Itapema,4208302,itapemense,NILZA NILDA SIMAS,58.210,67338,792.29,98,0.796,16.06,205178.77574,178203.81614,29597.10,
Itapiranga,4208401,itapiranguense,ALEXANDRE GOMES RIBAS,281.782,17007,54.51,99.8,0.775,9.62,65866.43736,57385.24181,46220.97,
Itapo&aacute;,4208450,itapoaense,MARLON ROBERTO NEUBER,245.394,21177,59.43,98.7,0.761,7.58,107481.66677,84940.55029,39735.17,
Ituporanga,4208500,ituporanguense,GERVASIO JOSE MACIEL,336.588,25355,66.04,98,0.748,10.55,70048.27196,66529.55611,37632.20,
Jabor&aacute;,4208609,jaboraense,CLEVSON RODRIGO FREITAS,182.483,3918,21.05,99.6,0.732,46.51,21618.54658,18606.17917,32091.41,
Jacinto Machado,4208708,jacinto-machadense,JO&Atilde;O BATISTA MEZZARI,430.704,10376,24.59,98.3,0.716,23.26,30989.60065,26612.95503,31700.91,
Jaguaruna,4208807,jaguarunense,LAERTE SILVA DOS SANTOS,326.362,20288,52.66,97.3,0.721,11.86,58795.69551,51809.06821,23787.10,
Jaragu&aacute; do Sul,4208906,jaraguaense,ANTIDIO ALEIXO LUNELLI,530.894,181173,270.28,98.3,0.803,9.09,808446.41603,641960.81833,51652.44,
Jardin&oacute;polis,4208955,jardinopolense,MAURO FRANCISCO RISSO,68.499,1546,26.09,100,0.709,62.50,14362.87157,12431.38011,24954.93,
Joa&ccedil;aba,4209003,joa&ccedil;abense,DIOCL&Eacute;SIO RAGNINI,241.637,30404,116.35,99.8,0.827,5.85,162503.71353,125903.66016,64675.09,
Joinville,4209102,joinvilense,ADRIANO BORNSCHEIN SILVA,1127.946,597658,457.58,97.3,0.809,8.78,2280394.17065,1907863.93556,52792.59,
Jos&eacute; Boiteux,4209151,jos&eacute;-boatense,ADAIR ANTONIO STOLLMEIER,405.552,5007,11.65,98.3,0.694,9.80,18566.4162,16617.45863,20508.40,
Jupi&aacute;,4209177,jupiaense,VALDELIRIO LOCATELLI DA CRUZ,91.448,2092,23.33,99.1,0.719,34.48,14428.39551,13290.83971,26913.91,
Lacerd&oacute;polis,4209201,lacerdopolitano,SERGIO LUIZ CALEGARI,69.036,2247,31.92,99.6,0.781,38.46,16164.44781,12446.04593,41062.00,
Lages,4209300,lageano,ANTONIO CERON,2637.660,157349,59.56,97.3,0.770,11.24,575551.53174,512302.59652,32355.43,
Laguna,4209409,lagunense,MAURO VARGAS CANDEMIL,333.260,46122,116.77,97.7,0.752,4.23,104264.20968,89404.36581,19791.19,
Lajeado Grande,4209458,lajeado grandense,ANDERSON ELIAS BIANCHI,65.348,1418,22.82,96,0.771,47.62,14434.86615,11679.26369,28778.37,
Laurentino,4209508,laurentinense,MARCELO TADEO ROCHA,79.333,7063,75.44,97.6,0.749,10.31,21516.57982,19144.86525,38934.69,
Lauro M&uuml;ller,4209607,lauro-milense,SAIONARA CORREA DE CARVALHO BORA,271.852,15313,53.06,98.7,0.735,6.02,48149.15327,39798.0847,24646.56,
Lebon R&eacute;gis,4209706,lebon-regense,DOUGLAS FERNANDO DE MELLO,941.640,12115,12.57,95.3,0.649,36.14,31201.34049,28189.6684,20402.40,
Leoberto Leal,4209805,leobertense,VITOR NORBERTO ALVES,293.600,3000,11.56,98.9,0.686,25.64,18430.06956,14444.07807,30480.78,
Lind&oacute;ia do Sul,4209854,lindoiense,NEUDI ANGELO BERTOL,190.171,4546,24.61,98.1,0.743,17.24,21379.60944,19098.27909,23420.17,
Lontras,4209904,lontrense,MARCIONEI HILLESHEIM,197.586,12315,51.97,98.5,0.704,18.07,34911.74787,31455.23079,26977.89,
Luiz Alves,4210001,luizalvense ou  luiz-alvense,MARCOS PEDRO VEBER,260.106,13107,40.16,96.7,0.737,5.62,40462.30721,37693.46593,46083.39,
Luzerna,4210035,luzernense,JULIANO SCHNEIDER,117.099,5684,47.30,99.6,0.789,16.67,22748.07107,20995.13241,30042.54,
Macieira,4210050,macieirense,EDGARD FARINON,261.208,1766,7.03,94.1,0.662,100.00,16898.81635,12155.48075,27298.74,
Mafra,4210100,mafrense,EMERSON MAAS,1404.084,56561,37.69,98.9,0.777,7.12,161520.25749,152602.60809,34993.36,
Major Gercino,4210209,majorense,VALMOR PEDRO KAMMERS,306.058,3454,11.48,98,0.698,52.63,16005.98134,13167.17079,14383.12,
Major Vieira,4210308,major-vieirense,ADILSON LISCZKOVSKI,520.816,8156,14.23,97.8,0.690,12.20,25682.92897,22863.99753,26205.89,
Maracaj&aacute;,4210407,maracajaense,ANIBAL BRAMBILA,62.902,7378,102.52,98.5,0.768,11.11,26510.31108,19972.7533,27385.36,
Maravilha,4210506,maravilhense,SANDRO DONATI,170.339,26116,129.03,97.7,0.781,2.78,78792.35176,71206.14695,50727.80,
Marema,4210555,maremense,MAURI DAL BELLO,104.184,1750,21.17,100,0.743,58.82,16890.71302,13564.65893,31240.29,
Massaranduba,4210605,massarandubense,ARMINDO SESAR TASSI,374.459,17125,39.23,98.4,0.774,14.29,52549.62547,44945.87386,32809.40,
Matos Costa,4210704,matos-costense,PAULO BUENO DE CAMARGO,435.391,2480,6.56,98.4,0.657,64.52,15413.61125,13187.44831,20235.45,
Meleiro,4210803,meleirense,EDER MATTOS,186.439,7001,37.42,99.7,0.738,12.20,27810.51353,23489.44674,34105.74,
Mirim Doce,4210852,mirindocense,BERNARDO PERON,337.991,2283,7.49,96.7,0.708,30.30,15886.87224,12986.45291,22672.28,
Modelo,4210902,modelense,DIRCEU SILVEIRA,92.346,4218,44.40,100,0.760,45.45,19594.15261,17292.31618,27394.38,
Monda&iacute;,4211009,mondaiense,VALDIR RUBERT,200.276,11889,50.61,96.1,0.748,16.53,37040.34872,31547.52135,56640.75,
Monte Carlo,4211058,montecarlense,SONIA SALETE VEDOVATTO,191.278,9906,48.12,98.6,0.643,24.84,29146.11483,26489.69232,16172.78,
Monte Castelo,4211108,monte-castelense,JEAN CARLO MEDEIROS DE SOUZA,560.743,8269,14.55,98.4,0.675,15.15,27978.39671,24319.18243,21278.78,
Morro da Fuma&ccedil;a,4211207,fumacense,AGENOR CORAL,82.818,17947,194.01,98.1,0.738,7.46,56492.5525,50480.1653,36437.43,
Morro Grande,4211256,morrograndense,CLELIO DANIEL OLIVO,260.143,2888,11.19,100,0.701,20.41,20181.7163,16756.22344,36160.90,
Navegantes,4211306,navegantino,LIBARDONI LAURO CLAUDINO FRONZA,111.377,83626,540.56,97.4,0.736,13.87,287994.21413,231927.20379,48187.98,
Nova Erechim,4211405,nova-erechinense,EDILSON FERLA,65.087,5092,65.88,99.5,0.765,16.95,21429.88051,19818.14707,33144.33,
Nova Itaberaba,4211454,nova itaberadense,IVANIR JOS&Eacute; POSSEBON,137.388,4329,31.02,98.4,0.736,25.64,20942.24499,17179.67738,24742.86,
Nova Trento,4211504,nova-trentino,TIAGO DALSASSO,402.852,14782,30.26,99.1,0.748,20.41,49970.35577,41708.38121,41341.86,
Nova Veneza,4211603,veneziano,ROG&Eacute;RIO JOS&Eacute; FRIGO,295.061,15342,45.11,99.4,0.768,11.90,50410.50513,39360.50902,48411.29,
Novo Horizonte,4211652,novo-horizontino,VANDERLEI SANAGIOTTO,151.722,2404,18.11,100,0.706,34.48,18038.75607,14013.75006,36844.55,
Orleans,4211702,orleanense,JORGE LUIZ KOCH,549.859,23038,38.98,98.1,0.755,3.23,73129.79585,61961.55289,39817.94,
Otac&iacute;lio Costa,4211751,otaciliense,FABIANO BALDESSAR DE SOUZA,847.253,18975,19.33,96,0.740,19.53,69082.7967,63145.38915,40840.77,
Ouro,4211801,ourense,CLAUDIR DUARTE,213.543,7272,34.50,98.8,0.774,11.11,24254.83489,21643.47305,22712.09,
Ouro Verde,4211850,ouro-verdense,MOACIR MOTTIN,188.568,2207,12.00,98.1,0.695,38.46,16358.05537,13906.44042,39123.35,
Paial,4211876,paialense,NEVIO ANTONIO MORTARI,86.048,1474,20.56,100,0.718,50.00,14364.45739,12364.18041,26723.38,
Painel,4211892,painelense,ANTONIO MARCOS CAVALHEIRO FLORES,738.331,2356,3.18,97.4,0.664,34.48,13634.35362,12125.85279,20034.79,
Palho&ccedil;a,4211900,palhocense,EDUARDO FRECCIA,394.850,175272,347.56,97.6,0.757,9.24,502990.731,418845.2173,32626.34,
Palma Sola,4212007,palma-solense,CLEOMAR JOSE MANTELLI,330.878,7372,23.52,98.7,0.704,10.31,25325.29365,22259.39207,30088.69,
Palmeira,4212056,palmeirense,FERNANDA DE SOUZA C&Oacute;RDOVA,289.097,2650,8.20,92.8,0.671,38.46,16417.29698,13466.0168,39215.33,
Palmitos,4212106,palmitense,DAIR JOCELY ENGE,351.051,16157,45.45,99,0.737,5.29,45416.9238,33335.82446,38378.79,
Papanduva,4212205,papanduvense,LUIZ HENRIQUE SALIBA,764.737,19422,23.97,98.1,0.704,19.84,61529.7736,48335.32363,31184.55,
Para&iacute;so,4212239,paraisense,MARLENE FURLAN GIACOMINI,180.338,3360,22.51,100,0.700,34.48,17348.56201,14622.955,28734.76,
Passo de Torres,4212254,passotorrense,VALMIR AUGUSTO RODRIGUES,92.638,9048,69.67,97.5,0.720,19.05,27020.22323,25393.92253,19144.41,
Passos Maia,4212270,passosmaiense,OSMAR TOZZO,617.092,4109,7.15,96.8,0.659,18.52,21382.18443,18846.31288,33066.57,
Paulo Lopes,4212304,paulo-lopense,NADIR CARLOS RODRIGUES,446.165,7569,14.88,98.9,0.716,8.20,23326.99996,20073.3865,25654.38,
Pedras Grandes,4212403,pedras-grandense,AGNALDO FILIPPI,159.891,3953,25.78,98.8,0.728,43.48,18908.78163,15950.92661,33180.20,
Penha,4212502,penhense,AQUILES JOS&Eacute; SCHNEIDER DA COSTA,57.752,33284,427.87,97.6,0.743,4.68,84016.70992,71239.63086,23419.45,
Peritiba,4212601,peritibense,PAULO JOS&Eacute; DEITOS,96.168,2760,31.18,98.5,0.766,-,16537.81183,14667.92564,30218.70,
Pescaria Brava,4212650,bravense,DEYVISONN DA SILVA DE SOUZA,106.853,10159,-,-,-,11.24,21004.81365,20922.82171,10010.84,
Petrol&acirc;ndia,4212700,petrolandense,JOEL LONGEN,306.760,5905,20.04,99.3,0.716,15.87,19738.85339,17133.3036,29089.34,
Balne&aacute;rio Pi&ccedil;arras,4212809,pi&ccedil;arrense,TIAGO MACIEL BALTT,99.355,23772,171.79,95.5,0.756,7.89,99756.12291,94787.65522,41741.30,
Pinhalzinho,4212908,pinhalense,M&Aacute;RIO AFONSO WOITEXEM,128.726,20712,127.44,99.2,0.783,6.45,67857.62734,53171.00032,56398.18,
Pinheiro Preto,4213005,pinheirense,GILBERTO CHIARANI,61.011,3596,47.79,100,0.777,27.03,23072.072,16377.79176,45988.81,
Piratuba,4213104,piratubense,OLMIR PAULINHO BENJAMINI,146.088,3745,32.79,99.7,0.758,18.18,38926.90105,33475.17606,155119.78,
Planalto Alegre,4213153,planaltoalegrense,SADI DALLACORTTE,63.100,2888,42.49,100,0.751,29.41,15626.61464,13556.33589,33286.73,
Pomerode,4213203,pomerodense,&Eacute;RCIO KRIEK,214.299,34010,129.28,98.7,0.780,14.67,148802.04264,117942.26377,61648.00,
Ponte Alta,4213302,ponte-altense,LUIZ PAULO FARIAS,575.170,4650,8.60,98.4,0.673,52.63,18624.92681,16903.18891,24218.32,
Ponte Alta do Norte,4213351,norte pontealtense,ARI ALVES WOLINGER,396.882,3420,8.27,97.9,0.689,15.38,17274.83442,14934.09681,33833.93,
Ponte Serrada,4213401,ponte-serradense,ALCEU ALBERTO WRUBEL,560.731,11634,19.54,98.4,0.693,5.81,35743.20489,31938.63185,19642.03,
Porto Belo,4213500,porto-belense,EMERSON LUCIANO STEIN,93.673,21932,171.77,97.4,0.760,14.87,88175.33465,87629.07058,56537.87,
Porto Uni&atilde;o,4213609,porto-unionense,ELISEU MIBACH,848.779,35543,39.62,98.2,0.786,2.57,92239.98479,73095.94812,21427.35,
Pouso Redondo,4213708,pouso-redondense,OSCAR GUTZ,356.539,17712,41.21,98.6,0.720,4.29,44048.98316,35976.29819,28157.09,
Praia Grande,4213807,praia-grandense,ELISANDRO PEREIRA MACHADO,284.360,7312,25.58,99,0.718,10.53,23340.64171,22606.90798,21879.04,
Presidente Castello Branco,4213906,castelinense,TARCILIO SECCO,65.433,1547,26.29,100,0.770,55.56,14847.57213,12616.39218,28902.12,
Presidente Get&uacute;lio,4214003,getulense,NELSON VIRTUOSO,297.160,17726,50.59,98,0.759,13.89,58373.51312,50677.30949,41362.31,
Presidente Nereu,4214102,nereusense,CELSO AUGUSTO VIEIRA,224.748,2283,10.12,99.4,0.737,43.48,13782.12079,11969.07635,23049.94,
Princesa,4214151,princesense,EDILSON MIGUEL VOLKWEIS,85.598,2937,32.01,99.3,0.706,29.41,15792.07106,12920.07501,24547.86,
Quilombo,4214201,quilombense,SILVANO DE PARIZ,278.983,9829,36.57,97.3,0.730,7.30,35055.52607,28762.12991,35457.41,
Rancho Queimado,4214300,rancho-queimadense,CLECI APARECIDA VERONEZI,286.461,2887,9.60,98.4,0.753,33.33,20768.21851,17228.51087,40998.77,
Rio das Antas,4214409,rio-antense,JO&Atilde;O CARLOS MUNARETTO,314.913,6202,19.32,97.1,0.697,13.33,30074.74763,25367.17787,30774.48,
Rio do Campo,4214508,rio-campense,VIDAL BALAK,502.095,5902,12.23,99.3,0.729,24.69,24484.85252,21644.21985,24848.43,
Rio do Oeste,4214607,riense-do-oeste,ARNILDO FERRARI,245.057,7520,28.61,97.6,0.754,8.93,24157.26559,20947.5863,24874.63,
Rio dos Cedros,4214706,rio-cedrense,JORGE LUIZ STOLF,555.473,11808,18.56,96.4,0.729,8.40,32465.93393,29312.47717,28748.91,
Rio do Sul,4214805,rio-sulense,JOSE EDUARDO ROTHBARTH THOME,260.817,72006,235.05,96.5,0.802,13.26,290917.28543,245030.2421,38796.66,
Rio Fortuna,4214904,rio-fortunense,NERI VANDRESEN,302.390,4620,14.68,99,0.806,13.33,20333.81453,17007.4537,51792.65,
Rio Negrinho,4215000,rio-negrinhense,CAIO CESAR TREML,907.420,42495,43.92,97.9,0.738,8.40,147154.20143,126339.57124,27502.30,
Rio Rufino,4215059,rio rufinense,ERLON TANCREDO COSTA,282.571,2483,8.62,99.2,0.653,29.41,13452.27329,12505.59342,19550.74,
Riqueza,4215075,riquezense,RENALDO MUELLER,191.061,4561,25.20,98.5,0.714,21.28,18827.63135,15857.88328,24433.58,
Rodeio,4215109,rodeiense,VALCIR FERRARI,129.001,11600,84.06,96.5,0.754,15.04,32644.52607,29253.37558,24814.20,
Romel&acirc;ndia,4215208,romelandino,JUAREZ FURTADO,223.333,4684,24.58,97.8,0.692,25.64,18501.4117,15642.14234,17303.37,
Salete,4215307,saletense,SOLANGE APARECIDA BITENCOURT SCHLICHTING,177.887,7659,41.09,98.7,0.744,24.10,28313.98905,22924.5047,25910.80,
Saltinho,4215356,saltinhense,EDIMAR NORONHA DE FREITAS,156.568,3754,25.30,98.6,0.654,21.74,16825.64182,13817.05856,18466.88,
Salto Veloso,4215406,velosoense,NEREU BORGA,104.531,4756,40.94,98.4,0.784,17.86,26928.36638,19736.54318,36676.48,
Sang&atilde;o,4215455,sang&atilde;oense,CASTILHO SILVANO VIEIRA,82.984,12905,125.46,94.9,0.700,4.74,29975.75289,26280.59511,25663.39,
Santa Cec&iacute;lia,4215505,ceciliense,ALESSANDRA APARECIDA GARCIA,1145.845,16918,13.75,96.8,0.698,3.30,45468.42769,39261.38131,28120.98,
Santa Helena,4215554,santaelenense,BLASIO IVO HICKMANN,81.004,2200,29.16,100,0.727,35.71,15260.68499,12867.97344,31185.85,
Santa Rosa de Lima,4215604,rosa-limense,SALESIO WIEMES,203.218,2147,10.22,97.7,0.757,52.63,14157.9037,12161.8533,23709.77,
Santa Rosa do Sul,4215653,sul-santarrosense,ALMIDES ROBERG SILVA DA ROSA,150.299,8378,53.33,99.2,0.705,18.02,24545.7251,21330.1125,15931.64,
Santa Terezinha,4215679,terezinhense,GENIR ANTONIO JUNCKES,715.551,8773,12.26,97.4,0.669,11.63,23082.21733,19744.50878,20603.10,
Santa Terezinha do Progresso,4215687,terezinhano,MARCIA DETOFOL,119.653,2372,24.38,98.5,0.682,23.81,14521.79989,12075.17282,21080.93,
Santiago do Sul,4215695,santiaguense,JULCIMAR ANTONIO LORENZETTI,73.335,1235,19.84,99,0.728,-,13625.60648,11501.48882,26321.52,
Santo Amaro da Imperatriz,4215703,santo-amarense,RICARDO LAURO DA COSTA,344.235,23579,57.62,99,0.781,6.02,73618.91011,57194.44914,37065.02,
S&atilde;o Bernardino,4215752,bernardinense,DALVIR LUIZ LUDWIG,149.891,2287,18.48,99.4,0.677,25.64,16136.16325,12286.44363,26708.17,
S&atilde;o Bento do Sul,4215802,s&atilde;o-bentense,ANTONIO JOAQUIM TOMAZINI FILHO,495.772,85421,149.11,97.8,0.782,9.20,319781.80324,249738.46544,38266.83,
S&atilde;o Bonif&aacute;cio,4215901,s&atilde;o-bonifacense,LAURINO PETERS,461.438,2814,6.53,98.9,0.731,38.46,15057.78888,12449.5373,24962.03,
S&atilde;o Carlos,4216008,s&atilde;o-carlense,RUDI MIGUEL SANDER,162.120,11369,63.80,98.9,0.769,6.85,34842.10711,29454.84137,37942.44,
S&atilde;o Crist&oacute;v&atilde;o do Sul,4216057,s&atilde;o-cristovense,ILSE AMELIA LEOBET,345.903,5598,14.28,97.3,0.665,25.64,24275.55465,20088.08828,28867.32,
S&atilde;o Domingos,4216107,dominguense,M&Aacute;RCIO LUIZ BIGOLIN GROSBELLI,367.525,9434,24.68,98.2,0.765,17.24,30626.61856,31583.24958,34612.07,
S&atilde;o Francisco do Sul,4216206,francisquense,GODOFREDO GOMES MOREIRA FILHO,493.266,53746,85.27,98.5,0.762,11.41,256943.68179,212928.61372,80165.53,
S&atilde;o Jo&atilde;o do Oeste,4216255,s&atilde;o-joanense,GEN&Eacute;SIO MARINO ANTON,163.747,6402,36.96,100,0.761,14.29,26643.30992,21573.06886,34777.41,
S&atilde;o Jo&atilde;o Batista,4216305,batistense,PEDRO ALFREDO RAMOS,200.765,38583,118.80,94.9,0.740,12.96,88240.97724,78044.26498,24798.96,
S&atilde;o Jo&atilde;o do Itaperi&uacute;,4216354,itaperiuense,CL&Eacute;ZIO JOS&Eacute; FORTUNATO,151.885,3759,22.69,98.6,0.738,47.62,16776.90258,13556.74816,45959.96,
S&atilde;o Jo&atilde;o do Sul,4216404,jo&atilde;o-sulense,MOACIR FRANCISCO TEIXEIRA,184.375,7315,38.19,98.3,0.695,12.35,24742.82617,21870.67511,26468.77,
S&atilde;o Joaquim,4216503,joaquinense,GIOVANI NUNES,1888.634,27139,13.11,95.7,0.687,27.70,62821.89566,52838.1786,27919.27,
S&atilde;o Jos&eacute;,4216602,josefense,ORVINO COELHO DE &Aacute;VILA,150.499,250181,1376.78,97.5,0.809,9.80,688207.81013,561868.82752,43665.31,
S&atilde;o Jos&eacute; do Cedro,4216701,cedrense,JO&Atilde;O LUIZ DE ANDRADE,280.760,13820,48.69,98.9,0.731,5.78,45703.47422,41185.34083,29589.39,
S&atilde;o Jos&eacute; do Cerrito,4216800,cerritense,JOSE DIRCEU DA SILVA,948.714,8173,9.81,96.8,0.636,23.81,21741.07006,17931.25061,29609.26,
S&atilde;o Louren&ccedil;o do Oeste,4216909,lourencense ou lourenciano,RAFAEL CALEFFI,356.193,24291,60.45,99,0.749,9.68,75054.9234,65088.35366,40274.72,
S&atilde;o Ludgero,4217006,s&atilde;o-ludgerense,IBANEIS LEMBECK,106.765,13650,102.11,99.1,0.755,20.10,44746.1582,38720.47623,48336.52,
S&atilde;o Martinho,4217105,s&atilde;o-martinhense,ROBSON JEAN BACK,224.566,3171,14.33,96.6,0.742,27.03,15738.08556,13278.6677,25501.71,
S&atilde;o Miguel da Boa Vista,4217154,boa-vistense,VANDERLEI BONALDO,72.755,1807,26.66,98.5,0.710,83.33,12912.24275,10033.10581,19990.31,
S&atilde;o Miguel do Oeste,4217204,miguel-oestino,WILSON TREVISAN,234.202,40868,155.12,97.7,0.801,12.22,113719.2263,99566.71635,37963.89,
S&atilde;o Pedro de Alc&acirc;ntara,4217253,alcantarense,CHARLES DA CUNHA,139.196,5935,33.60,98.4,0.734,68.97,20983.38335,15793.09964,14164.08,
Saudades,4217303,saudadense,MACIEL SCHNEIDER,205.781,9810,43.64,99.4,0.755,29.70,31304.32911,26134.38535,33257.91,
Schroeder,4217402,cheredense,FELIPE VOIGT,165.237,21991,93.17,98.2,0.769,11.72,56242.35926,50533.50149,24106.03,
Seara,4217501,searaense,EDEMILSON CANALE,309.627,17576,54.39,98.6,0.779,8.06,61699.35965,51631.85432,45693.62,
Serra Alta,4217550,serra-altense,RAFA&Eacute;L MARIN,90.564,3256,35.57,100,0.773,23.26,17519.78149,13463.33265,24864.15,
Sider&oacute;polis,4217600,sideropolitano,ANGELO FRANQUI SALVARO,262.004,14092,49.67,99.4,0.774,21.90,41139.09289,36415.00879,33528.51,
Sombrio,4217709,sombriense,GISLANE DIAS DA CUNHA,143.457,30733,185.68,97.6,0.728,11.88,77993.83065,67460.6467,26167.72,
Sul Brasil,4217758,sul brasilense,MAURILIO OSTROSKI,113.125,2423,24.51,99.3,0.707,40.00,15939.47743,13757.4425,22554.27,
Tai&oacute;,4217808,taioense,HORST ALEXANDRE PURNHAGEN,693.847,18486,24.91,97.4,0.761,20.41,62033.04349,53065.5398,32781.05,
Tangar&aacute;,4217907,tangaraense,ALDAIR BIASIOLO,390.044,8662,22.34,98.4,0.737,32.26,36491.60208,31989.71439,47114.19,
Tigrinhos,4217956,tigrinhense,DERLI ANTONIO DE OLIVEIRA,56.962,1619,30.32,100,0.717,34.48,14266.75239,11312.26569,25690.66,
Tijucas,4218004,Tijuquense,ELOI MARIANO ROCHA,279.159,39155,110.74,96.5,0.760,7.47,132110.39115,105594.9555,40901.83,
Timb&eacute; do Sul,4218103,timbeense,ROBERTO BIAVA,328.507,5343,16.08,98.3,0.720,14.29,20244.02936,18328.01182,24069.78,
Timb&oacute;,4218202,timboense,JORGE AUGUSTO KRUGER,128.313,44977,288.64,98.2,0.784,1.98,160097.79072,133326.23791,42748.35,
Timb&oacute; Grande,4218251,timb&oacute;-grandense,VALDIR CARDOSO DOS SANTOS,596.344,7941,11.98,95.2,0.659,20.62,27351.51869,23594.77281,25259.99,
Tr&ecirc;s Barras,4218301,tr&ecirc;s-barrense,LUIZ DIVONSIR SHIMOGUIRI,436.496,19366,41.43,96.2,0.706,10.53,78178.11955,61047.0709,58050.25,
Treviso,4218350,trevisano,VAL&Eacute;RIO MORETTI,156.610,3966,22.45,99.8,0.774,21.74,27995.78356,24141.89305,52568.42,
Treze de Maio,4218400,treze-maioense,JAILSO BARDINI,159.833,7093,42.53,97.1,0.729,24.10,22852.77752,19646.33073,20863.36,
Treze T&iacute;lias,4218509,treze-tiliense,RUDI OHLWEILER,185.937,7991,33.97,97.7,0.795,7.75,37420.01471,33296.89885,79760.98,
Trombudo Central,4218608,trombudense,GEOVANA GESSNER,109.648,7434,60.33,99.7,0.775,18.87,26136.91097,22786.29001,34907.81,
Tubar&atilde;o,4218707,tubaronense,JOARES CARLOS PONTICELLI,301.485,106422,322.23,98.8,0.796,5.67,253879.45068,231612.22148,35655.22,
Tun&aacute;polis,4218756,tunapolitano,MARINO JOSE FREY,132.939,4525,34.77,99.4,0.752,43.48,21907.21804,18326.33885,27234.76,
Turvo,4218806,turvense,SANDRO CIRIMBELLI,235.104,12990,50.33,98.5,0.740,17.14,43294.02102,38027.56399,42026.53,
Uni&atilde;o do Oeste,4218855,uni&atilde;o-oestense,VALMOR GOLO,92.857,2412,31.42,100,0.705,47.62,16893.95014,13338.49799,23654.13,
Urubici,4218905,urubiciense,MARIZA COSTA,1021.371,11273,10.51,96.7,0.694,14.18,32895.54189,29464.78888,22372.89,
Urupema,4218954,urupemense,EVANDRO FRIGO PEREIRA,350.472,2459,7.09,99.7,0.699,64.52,13946.19337,13042.91425,22118.42,
Urussanga,4219002,urussanguense,LUIS GUSTAVO CANCELLIER,254.954,21344,79.35,97.6,0.772,14.56,71367.07141,62542.54673,39438.25,
Varge&atilde;o,4219101,vargeonense,VOLMIR FELIPE,166.685,3571,21.19,94,0.686,37.04,20817.81233,18305.95992,36899.50,
Vargem,4219150,vargense,MILENA ANDERSEN LOPES BECHER,350.606,2432,8.02,98.9,0.629,44.44,17152.11081,13510.60694,24351.38,
Vargem Bonita,4219176,vargembonitense,ROSAMARCIA HETKOWSKI ROMAN,299.807,4451,16.06,99.3,0.718,26.67,28146.3487,21808.81622,86539.80,
Vidal Ramos,4219200,vidal-ramense,NELSON BACK,346.932,6329,18.34,99.3,0.700,11.76,27543.11648,24119.99426,45291.06,
Videira,4219309,videirense,DORIVAL CARLOS BORGA,384.127,53610,124.09,96.9,0.764,12.08,211656.37499,165215.84811,46236.23,
Vitor Meireles,4219358,vitor-meirelense,BENTO FRANCISCO SILVY,370.414,4943,14.05,96.9,0.673,14.93,18826.80997,16858.27609,23643.90,
Witmarsum,4219408,witmarsumense,CESAR PANINI,153.776,3998,23.69,98.1,0.710,23.26,17129.14123,14766.17269,32866.88,
Xanxer&ecirc;,4219507,xanxerense,OSCAR MARTARELLO,377.426,51642,116.81,98.6,0.775,9.93,123285.85526,113122.01433,33864.92,
Xavantina,4219606,xavantinense,ARI PARISOTTO,218.032,3903,19.12,99.4,0.749,55.56,22896.89996,19119.64225,54550.94,
Xaxim,4219705,xaxiense,EDILSON ANTONIO FOLLE,293.628,28983,87.67,96.4,0.752,2.33,85997.07298,70477.21407,33345.93,
Zort&eacute;a,4219853,zorteense,ROSANE ANTUNES PIRES INFELD,190.179,3398,15.77,98.9,0.761,22.22,18213.23233,16591.3106,21389.69,
Balne&aacute;rio Rinc&atilde;o,4220000,balneo-rinconense,JAIRO CELOY CUST&Oacute;DIO,63.420,12946,-,-,-,15.38,42067.44878,35955.44359,17926.93,

<table class="fontes-container"><tr><th>Notas:</th></tr><tr><td>Escolariza&ccedil;&atilde;o <span>6 a 14 anos</span>: [popula&ccedil;&atilde;o residente no munic&iacute;pio de 6 a 14 anos de idade matriculada no ensino regular/total de popula&ccedil;&atilde;o residente no munic&iacute;pio de 6 a 14 anos de idade] x 100</td></tr><tr><td>População estimada: Para 'dúvidas e contestações' <a href='https://www.ibge.gov.br/estatisticas/sociais/populacao/9103-estimativas-de-populacao.html'>clique aqui</a></td></tr><tr><th>Fontes:</th></tr><tr><td>Área Territorial: &Aacute;rea territorial brasileira. Rio de Janeiro: IBGE, 2018</td></tr><tr><td>População estimada: IBGE, Diretoria de Pesquisas, Coordena&ccedil;&atilde;o de Popula&ccedil;&atilde;o e Indicadores Sociais, Estimativas da popula&ccedil;&atilde;o residente com data de refer&ecirc;ncia 1o de julho de 2019</td></tr><tr><td>Densidade demogr&aacute;fica: IBGE, Censo Demogr&aacute;fico 2010, &Aacute;rea territorial brasileira. Rio de Janeiro: IBGE, 2011</td></tr><tr><td>Escolariza&ccedil;&atilde;o <span>6 a 14 anos</span>: IBGE, Censo Demogr&aacute;fico 2010</td></tr><tr><td>IDHM <span>&Iacute;ndice de desenvolvimento humano municipal</span>: Programa das Na&ccedil;&otilde;es Unidas para o Desenvolvimento - PNUD</td></tr><tr><td>Mortalidade infantil: Minist&eacute;rio da Sa&uacute;de, Departamento de Inform&aacute;tica do Sistema &Uacute;nico de Sa&uacute;de - DATASUS 2017</td></tr><tr><td>Receitas realizadas: Contas anuais. Receitas or&ccedil;ament&aacute;rias realizadas (Anexo I-C) 2017 e Despesas or&ccedil;ament&aacute;rias empenhadas (Anexo I-D) 2017. In: Brasil. Secretaria do Tesouro Nacional, Siconfi: Sistema de Informa&ccedil;&otilde;es Cont&aacute;beis e Fiscais do Setor P&uacute;blico Brasileiro. Bras&iacute;lia, DF, [2018]. Dispon&iacute;vel em: https://siconfi.tesouro.gov.br/siconfi/pages/public/consulta_finbra/finbra_list.jsf. Acesso em: set. 2018</td></tr><tr><td>Despesas empenhadas: Contas anuais. Receitas or&ccedil;ament&aacute;rias realizadas (Anexo I-C) 2017 e Despesas or&ccedil;ament&aacute;rias empenhadas (Anexo I-D) 2017. In: Brasil. Secretaria do Tesouro Nacional, Siconfi: Sistema de Informa&ccedil;&otilde;es Cont&aacute;beis e Fiscais do Setor P&uacute;blico Brasileiro. Bras&iacute;lia, DF, [2018]. Dispon&iacute;vel em: https://siconfi.tesouro.gov.br/siconfi/pages/public/consulta_finbra/finbra_list.jsf. Acesso em: set. 2018</td></tr><tr><td>PIB per capita: IBGE, em parceria com os &Oacute;rg&atilde;os Estaduais de Estat&iacute;stica, Secretarias Estaduais de Governo e Superintend&ecirc;ncia da Zona Franca de Manaus - SUFRAMA</td></tr></table>